=== Real-Time SQL Monitoring (GV$SQL_MONITOR) ===


Inst           Key Status              Username        SQL ID            Exec ID Start Time            Elapsed S       CPU S         Buf Gets     Read MB
---- ------------- ------------------- --------------- ------------- ----------- ------------------- ----------- ----------- ---------------- -----------
SQL Text
--------------------------------------------------
   1 ############# DONE (ALL ROWS)                     9jhpr5m34rzcj    16777217 2026-09-25 17:12:25        0.01        0.01                0        0.00


   1 ############# DONE (ALL ROWS)                     9jhpr5m34rzcj    16777217 2026-09-25 17:12:25        0.04        0.05              828        0.00


   1  880468690249 DONE (ALL ROWS)                     9jhpr5m34rzcj    16777217 2026-09-25 17:12:25        0.01        0.01                0        0.00


   1  880468690247 DONE (ALL ROWS)                     9jhpr5m34rzcj    16777217 2026-09-25 17:12:25        0.04        0.04              331        0.00


   1  279173268810 DONE (ALL ROWS)     SQLTEST         9jhpr5m34rzcj    16777217 2026-09-25 17:12:25        0.03        0.01                0        0.00
SELECT

   1 ############# DONE (ALL ROWS)                     4frzha4nx7b8t    16777217 2026-09-25 17:12:05        0.00        0.00                3        0.00


   1 ############# DONE (ALL ROWS)                     4frzha4nx7b8t    16777217 2026-09-25 17:12:05        0.00        0.00                0        0.00


   1  867583788357 DONE (ALL ROWS)     SQLTEST         4frzha4nx7b8t    16777217 2026-09-25 17:12:05        0.01        0.01                3        0.00
SELECT /*+ PARALLEL */ count(*) FROM "SQLTEST"."SY

   1  867583788350 DONE (ALL ROWS)                     4frzha4nx7b8t    16777217 2026-09-25 17:12:05        0.00        0.00                0        0.00


   1  502511568191 DONE (ALL ROWS)                     4frzha4nx7b8t    16777217 2026-09-25 17:12:05        0.00        0.00                0        0.00


   1  365072614724 DONE (ALL ROWS)                     4frzha4nx7b8t    16777217 2026-09-25 17:12:05        0.00        0.00                0        0.00


   1  347892745539 DONE (ALL ROWS)                     4frzha4nx7b8t    16777217 2026-09-25 17:12:05        0.00        0.00                0        0.00


   1  236223595841 DONE (ALL ROWS)                     4frzha4nx7b8t    16777217 2026-09-25 17:12:05        0.00        0.00                0        0.00


   1  107374576960 DONE (ALL ROWS)                     4frzha4nx7b8t    16777217 2026-09-25 17:12:05        0.00        0.00                0        0.00


   1 ############# DONE (ALL ROWS)     SQLTEST         11xwc8jsxp3hv    16777217 2026-09-25 17:12:00        0.13        0.12            3,857        0.00
WITH fk_cols AS (

   1  923418363194 DONE (ALL ROWS)                     3b6ns51tsd038    16777233 2026-09-25 17:12:00        0.00        0.00                0        0.00


   1  923418363192 DONE (ALL ROWS)                     3b6ns51tsd038    16777233 2026-09-25 17:12:00        0.00        0.00                0        0.00


   1  738734769462 DONE (ALL ROWS)                     11xwc8jsxp3hv    16777217 2026-09-25 17:12:00        0.00        0.00                0        0.00


   1  738734769460 DONE (ALL ROWS)                     11xwc8jsxp3hv    16777217 2026-09-25 17:12:00        0.00        0.00                0        0.00


   1  532576339253 DONE (ALL ROWS)                     11xwc8jsxp3hv    16777217 2026-09-25 17:12:00        0.00        0.00                0        0.00


   1  532576339251 DONE (ALL ROWS)                     11xwc8jsxp3hv    16777217 2026-09-25 17:12:00        0.00        0.00                0        0.00


   1  304943072572 DONE (ALL ROWS)     SQLTEST         3b6ns51tsd038    16777233 2026-09-25 17:12:00        0.06        0.06            3,849        0.00
WITH fk AS (

   1  266288366907 DONE (ALL ROWS)                     3b6ns51tsd038    16777233 2026-09-25 17:12:00        0.00        0.00                0        0.00


   1  266288366905 DONE (ALL ROWS)                     3b6ns51tsd038    16777233 2026-09-25 17:12:00        0.00        0.00                0        0.00


   1  996432807206 DONE (ALL ROWS)                     8ravu0fxfq4c3    16777218 2026-09-25 17:11:57        0.00        0.00               26        0.00


   1  996432807204 DONE (ALL ROWS)                     8ravu0fxfq4c3    16777218 2026-09-25 17:11:57        0.04        0.04               31        0.00


   1  901943526701 DONE (ALL ROWS)     SQLTEST         famw2p0jmuky9    16777218 2026-09-25 17:11:57        0.08        0.08               60        0.00
WITH fk_columns AS (

   1  597000848684 DONE (ALL ROWS)                     famw2p0jmuky9    16777218 2026-09-25 17:11:57        0.00        0.00                0        0.00


   1  597000848682 DONE (ALL ROWS)                     famw2p0jmuky9    16777218 2026-09-25 17:11:57        0.00        0.00               27        0.00


   1  506806535474 DONE (ALL ROWS)     SQLTEST         01uqyjyb7xctb    16777218 2026-09-25 17:11:57        0.11        0.10            2,380        0.00
WITH inbound_keys AS (

   1  416612222248 DONE (ALL ROWS)     SQLTEST         8ravu0fxfq4c3    16777218 2026-09-25 17:11:57        0.07        0.07               37        0.00
WITH constraint_columns AS (

   1  390842418481 DONE (ALL ROWS)                     01uqyjyb7xctb    16777218 2026-09-25 17:11:57        0.00        0.00                0        0.00


Inst           Key Status              Username        SQL ID            Exec ID Start Time            Elapsed S       CPU S         Buf Gets     Read MB
---- ------------- ------------------- --------------- ------------- ----------- ------------------- ----------- ----------- ---------------- -----------
SQL Text
--------------------------------------------------

   1  390842418479 DONE (ALL ROWS)                     01uqyjyb7xctb    16777218 2026-09-25 17:11:57        0.00        0.00                0        0.00


   1  253403464999 DONE (ALL ROWS)                     8ravu0fxfq4c3    16777218 2026-09-25 17:11:57        0.00        0.00              111        0.00


   1  253403464997 DONE (ALL ROWS)                     8ravu0fxfq4c3    16777218 2026-09-25 17:11:57        0.00        0.00                0        0.00


   1  188978955563 DONE (ALL ROWS)                     famw2p0jmuky9    16777218 2026-09-25 17:11:57        0.00        0.00                0        0.00


   1  188978955561 DONE (ALL ROWS)                     famw2p0jmuky9    16777218 2026-09-25 17:11:57        0.04        0.04               76        0.00


   1  146029282608 DONE (ALL ROWS)                     01uqyjyb7xctb    16777218 2026-09-25 17:11:57        0.00        0.00                0        0.00


   1  146029282606 DONE (ALL ROWS)                     01uqyjyb7xctb    16777218 2026-09-25 17:11:57        0.02        0.02               46        0.00


   1  515396470049 DONE (ALL ROWS)                     7wj2qd0ygpzdd    16777231 2026-09-25 17:11:49        0.00        0.00               26        0.00


   1  515396470047 DONE (ALL ROWS)                     7wj2qd0ygpzdd    16777231 2026-09-25 17:11:49        0.00        0.00                0        0.00


   1  339302810915 DONE (ALL ROWS)     SQLTEST         7wj2qd0ygpzdd    16777231 2026-09-25 17:11:49        0.01        0.01                0        0.00
SELECT OWNER, TABLE_NAME, CONSTRAINT_NAME, CONSTRA

   1  167504119074 DONE (ALL ROWS)                     7wj2qd0ygpzdd    16777231 2026-09-25 17:11:49        0.00        0.00               45        0.00


   1  167504119072 DONE (ALL ROWS)                     7wj2qd0ygpzdd    16777231 2026-09-25 17:11:49        0.00        0.00                0        0.00


   1  403727320349 DONE (ALL ROWS)                     62vmfw8u2uu4u    16777229 2026-09-25 17:07:45        0.01        0.02               24        0.00


   1  403727320347 DONE (ALL ROWS)                     62vmfw8u2uu4u    16777229 2026-09-25 17:07:45        0.00        0.00                0        0.00


   1  154619217180 DONE (ALL ROWS)                     62vmfw8u2uu4u    16777229 2026-09-25 17:07:45        0.02        0.01               75        0.05


   1  154619217178 DONE (ALL ROWS)                     62vmfw8u2uu4u    16777229 2026-09-25 17:07:45        0.00        0.00                0        0.00


   1   77309805854 DONE (ALL ROWS)     SQLTEST         62vmfw8u2uu4u    16777229 2026-09-25 17:07:45        0.01        0.01                0        0.00
SELECT

   1  781684442391 DONE (ALL ROWS)                     76zaaknd2wm3m    16777216 2026-09-25 17:07:40        0.00        0.00                0        0.00


   1  781684442389 DONE (ALL ROWS)                     76zaaknd2wm3m    16777216 2026-09-25 17:07:40        0.83        0.82            1,784        0.00


   1  579820979480 DONE (ALL ROWS)                     76zaaknd2wm3m    16777216 2026-09-25 17:07:40        0.00        0.00                0        0.00


   1  579820979478 DONE (ALL ROWS)                     76zaaknd2wm3m    16777216 2026-09-25 17:07:40        0.64        0.67            1,553        0.00


   1   90194707737 DONE (ALL ROWS)     SQLTEST         76zaaknd2wm3m    16777216 2026-09-25 17:07:40        1.46        1.48            1,431        0.00
SELECT

   1  627065619732 DONE (ALL ROWS)     SQLTEST         7q1p6hbvktkmc    16777221 2026-09-25 17:07:33        0.00        0.00                0        0.00
SELECT /*+ MONITOR WS_MONITOR_SEED */ count(*) FRO

   1 ############# DONE (ALL ROWS)                     9jhpr5m34rzcj    16777216 2026-09-25 17:07:32        0.02        0.02                0        0.00


   1 ############# DONE (ALL ROWS)                     9jhpr5m34rzcj    16777216 2026-09-25 17:07:32        0.06        0.07              379        0.00


   1  871878755601 DONE (ALL ROWS)                     9jhpr5m34rzcj    16777216 2026-09-25 17:07:32        0.02        0.02                0        0.00


   1  871878755599 DONE (ALL ROWS)                     9jhpr5m34rzcj    16777216 2026-09-25 17:07:32        0.07        0.07              834        0.00


   1  670015292691 DONE (ALL ROWS)     SQLTEST         9jhpr5m34rzcj    16777216 2026-09-25 17:07:32        0.03        0.02                0        0.00
SELECT

   1 ############# DONE (ALL ROWS)                     4frzha4nx7b8t    16777216 2026-09-25 17:06:57        0.00        0.00                3        0.00


   1  876173722892 DONE (ALL ROWS)                     4frzha4nx7b8t    16777216 2026-09-25 17:06:57        0.00        0.00                0        0.00


   1  743029736717 DONE (ALL ROWS)                     4frzha4nx7b8t    16777216 2026-09-25 17:06:57        0.00        0.00                0        0.00


   1  670015292679 DONE (ALL ROWS)                     4frzha4nx7b8t    16777216 2026-09-25 17:06:57        0.00        0.00                0        0.00

Inst           Key Status              Username        SQL ID            Exec ID Start Time            Elapsed S       CPU S         Buf Gets     Read MB
---- ------------- ------------------- --------------- ------------- ----------- ------------------- ----------- ----------- ---------------- -----------
SQL Text
--------------------------------------------------


   1  661425358091 DONE (ALL ROWS)                     4frzha4nx7b8t    16777216 2026-09-25 17:06:57        0.00        0.00                0        0.00


   1  446676993289 DONE (ALL ROWS)                     4frzha4nx7b8t    16777216 2026-09-25 17:06:57        0.00        0.00                0        0.00


   1  382252483850 DONE (ALL ROWS)                     4frzha4nx7b8t    16777216 2026-09-25 17:06:57        0.00        0.00                0        0.00


   1  180389020936 DONE (ALL ROWS)                     4frzha4nx7b8t    16777216 2026-09-25 17:06:57        0.00        0.00                0        0.00


   1   64424903950 DONE (ALL ROWS)     SQLTEST         4frzha4nx7b8t    16777216 2026-09-25 17:06:57        0.02        0.01                3        0.00
SELECT /*+ PARALLEL */ count(*) FROM "SQLTEST"."SY

   1  949188166917 DONE (ALL ROWS)     SQLTEST         3b6ns51tsd038    16777232 2026-09-25 17:06:45        1.28        1.22            3,922        0.00
WITH fk AS (

   1  180389020932 DONE (ALL ROWS)                     3b6ns51tsd038    16777232 2026-09-25 17:06:45        0.00        0.00                0        0.00


   1  180389020930 DONE (ALL ROWS)                     3b6ns51tsd038    16777232 2026-09-25 17:06:45        0.69        0.68            4,175        0.00


   1   60129936643 DONE (ALL ROWS)                     3b6ns51tsd038    16777232 2026-09-25 17:06:45        0.00        0.00              135        0.00


   1   60129936641 DONE (ALL ROWS)                     3b6ns51tsd038    16777232 2026-09-25 17:06:45        0.65        0.64            4,147        0.00


   1  996432807168 DONE (ALL ROWS)     SQLTEST         11xwc8jsxp3hv    16777216 2026-09-25 17:06:43        1.35        1.32            4,100        0.00
WITH fk_cols AS (

   1  292058170622 DONE (ALL ROWS)                     11xwc8jsxp3hv    16777216 2026-09-25 17:06:43        0.06        0.06            3,423        0.00


   1  292058170620 DONE (ALL ROWS)                     11xwc8jsxp3hv    16777216 2026-09-25 17:06:43        0.00        0.00                0        0.00


   1  176094053631 DONE (ALL ROWS)                     11xwc8jsxp3hv    16777216 2026-09-25 17:06:43        0.14        0.13           11,312        0.00


   1  176094053629 DONE (ALL ROWS)                     11xwc8jsxp3hv    16777216 2026-09-25 17:06:43        0.00        0.00                0        0.00


   1 ############# DONE (ALL ROWS)     SQLTEST         8ravu0fxfq4c3    16777217 2026-09-25 17:06:37        0.01        0.01                0        0.00
WITH constraint_columns AS (

   1  674310259958 DONE (ALL ROWS)     SQLTEST         famw2p0jmuky9    16777217 2026-09-25 17:06:37        0.01        0.00                0        0.00
WITH fk_columns AS (

   1  562641110266 DONE (ALL ROWS)                     01uqyjyb7xctb    16777217 2026-09-25 17:06:37        0.00        0.00                0        0.00


   1  562641110264 DONE (ALL ROWS)                     01uqyjyb7xctb    16777217 2026-09-25 17:06:37        0.00        0.00                0        0.00


   1  395137385723 DONE (ALL ROWS)     SQLTEST         01uqyjyb7xctb    16777217 2026-09-25 17:06:37        0.06        0.06            2,332        0.00
WITH inbound_keys AS (

   1  330712876281 DONE (ALL ROWS)                     01uqyjyb7xctb    16777217 2026-09-25 17:06:37        0.00        0.00                0        0.00


   1  330712876279 DONE (ALL ROWS)                     01uqyjyb7xctb    16777217 2026-09-25 17:06:37        0.00        0.00                0        0.00


   1  180389020912 DONE (ALL ROWS)                     8ravu0fxfq4c3    16777217 2026-09-25 17:06:37        0.00        0.00               26        0.00


   1  180389020910 DONE (ALL ROWS)                     8ravu0fxfq4c3    16777217 2026-09-25 17:06:37        0.00        0.00                0        0.00


   1   73014838516 DONE (ALL ROWS)                     famw2p0jmuky9    16777217 2026-09-25 17:06:37        0.00        0.00                0        0.00


   1   73014838514 DONE (ALL ROWS)                     famw2p0jmuky9    16777217 2026-09-25 17:06:37        0.00        0.00               26        0.00


   1   60129936629 DONE (ALL ROWS)                     famw2p0jmuky9    16777217 2026-09-25 17:06:37        0.00        0.00                0        0.00


   1   60129936627 DONE (ALL ROWS)                     famw2p0jmuky9    16777217 2026-09-25 17:06:37        0.00        0.00               26        0.00


   1    8590329071 DONE (ALL ROWS)                     8ravu0fxfq4c3    16777217 2026-09-25 17:06:37        0.00        0.00               26        0.00


   1    8590329069 DONE (ALL ROWS)                     8ravu0fxfq4c3    16777217 2026-09-25 17:06:37        0.00        0.00                0        0.00


   1  575526012138 DONE (ALL ROWS)                     01uqyjyb7xctb    16777216 2026-09-25 17:06:31        0.00        0.00                0        0.00



Inst           Key Status              Username        SQL ID            Exec ID Start Time            Elapsed S       CPU S         Buf Gets     Read MB
---- ------------- ------------------- --------------- ------------- ----------- ------------------- ----------- ----------- ---------------- -----------
SQL Text
--------------------------------------------------
   1  575526012136 DONE (ALL ROWS)                     01uqyjyb7xctb    16777216 2026-09-25 17:06:31        0.39        0.38               97        0.00


   1  459561895147 DONE (ALL ROWS)                     01uqyjyb7xctb    16777216 2026-09-25 17:06:31        0.00        0.00                0        0.00


   1  459561895145 DONE (ALL ROWS)                     01uqyjyb7xctb    16777216 2026-09-25 17:06:31        0.38        0.37               99        0.00


   1  201863857388 DONE (ALL ROWS)     SQLTEST         01uqyjyb7xctb    16777216 2026-09-25 17:06:31        3.66        3.58            2,629        0.11
WITH inbound_keys AS (

   1 ############# DONE (ALL ROWS)                     famw2p0jmuky9    16777216 2026-09-25 17:06:27        0.79        0.74            3,438        2.00


   1 ############# DONE (ALL ROWS)                     famw2p0jmuky9    16777216 2026-09-25 17:06:27        0.44        0.43              101        0.00


   1  493921633511 DONE (ALL ROWS)     SQLTEST         famw2p0jmuky9    16777216 2026-09-25 17:06:27        2.00        1.97              156        0.00
WITH fk_columns AS (

   1  253403464934 DONE (ALL ROWS)                     famw2p0jmuky9    16777216 2026-09-25 17:06:27        0.78        0.76           11,344        0.63


   1  253403464932 DONE (ALL ROWS)                     famw2p0jmuky9    16777216 2026-09-25 17:06:27        0.43        0.43              143        0.00


   1 ############# DONE (ALL ROWS)                     8ravu0fxfq4c3    16777216 2026-09-25 17:06:25        0.42        0.41              284        0.00


   1 ############# DONE (ALL ROWS)                     8ravu0fxfq4c3    16777216 2026-09-25 17:06:25        0.00        0.00                0        0.00


   1  695785096416 DONE (ALL ROWS)                     8ravu0fxfq4c3    16777216 2026-09-25 17:06:25        0.39        0.38               51        0.00


   1  695785096414 DONE (ALL ROWS)                     8ravu0fxfq4c3    16777216 2026-09-25 17:06:25        0.03        0.03               31        0.00


   1  184683988194 DONE (ALL ROWS)     SQLTEST         8ravu0fxfq4c3    16777216 2026-09-25 17:06:25        0.78        0.76              233        0.03
WITH constraint_columns AS (

   1 ############# DONE (ALL ROWS)                     7wj2qd0ygpzdd    16777230 2026-09-25 17:06:13        0.32        0.32               51        0.00


   1 ############# DONE (ALL ROWS)                     7wj2qd0ygpzdd    16777230 2026-09-25 17:06:13        0.01        0.01               13        0.00


   1  833224049885 DONE (ALL ROWS)     SQLTEST         7wj2qd0ygpzdd    16777230 2026-09-25 17:06:13        1.16        1.13              642        0.10
SELECT OWNER, TABLE_NAME, CONSTRAINT_NAME, CONSTRA

   1  141734315228 DONE (ALL ROWS)                     7wj2qd0ygpzdd    16777230 2026-09-25 17:06:13        0.30        0.30              100        0.01


   1  141734315226 DONE (ALL ROWS)                     7wj2qd0ygpzdd    16777230 2026-09-25 17:06:13        0.00        0.00                0        0.00


   1  695785096407 DONE (ALL ROWS)                     9rgx0fpugqjvj    16777216 2026-09-25 17:06:05        0.03        0.02              254        0.04


   1  283468235992 DONE (ALL ROWS)     SQLTEST         9rgx0fpugqjvj    16777216 2026-09-25 17:06:05        0.01        0.01                0        0.00
SELECT

   1   55834969302 DONE (ALL ROWS)                     9rgx0fpugqjvj    16777216 2026-09-25 17:06:05        0.02        0.02               31        0.01


   1 ############# DONE (ALL ROWS)                     605x8179cuahu    16777830 2026-09-25 01:14:02        0.00        0.00               29        0.00


   1  725849867476 DONE (ALL ROWS)                     605x8179cuahu    16777830 2026-09-25 01:14:02        0.00        0.00                2        0.00


   1        394453 DONE (ALL ROWS)     SYS             605x8179cuahu    16777830 2026-09-25 01:14:02        0.00        0.00                0        0.00
select directory_path from dba_directories where d

   1 ############# DONE (ALL ROWS)                     7q2d1ja09p399    16777831 2026-09-25 01:12:56        0.01        0.01              475        0.00


   1 ############# DONE (ALL ROWS)                     7q2d1ja09p399    16777831 2026-09-25 01:12:56        0.01        0.01                9        0.00


   1  901943526608 DONE (ALL ROWS)                     bbph561gkr06w    16777831 2026-09-25 01:12:56        0.00        0.00                0        0.00


   1  901943526606 DONE (ALL ROWS)                     bbph561gkr06w    16777831 2026-09-25 01:12:56        0.03        0.03              485        0.00


   1  682900194513 DONE (ALL ROWS)                     bbph561gkr06w    16777831 2026-09-25 01:12:56        0.00        0.00                0        0.00


   1  682900194511 DONE (ALL ROWS)                     bbph561gkr06w    16777831 2026-09-25 01:12:56        0.02        0.02              213        0.00


   1  657130390738 DONE (FIRST N ROWS) SYS             bbph561gkr06w    16777831 2026-09-25 01:12:56        0.01        0.01                9        0.00
SELECT TS#, OBJ#, DATAOBJ#, SUM(ABS(SPACE_ALLOCATE

Inst           Key Status              Username        SQL ID            Exec ID Start Time            Elapsed S       CPU S         Buf Gets     Read MB
---- ------------- ------------------- --------------- ------------- ----------- ------------------- ----------- ----------- ---------------- -----------
SQL Text
--------------------------------------------------

   1  377957516492 DONE (ALL ROWS)                     7q2d1ja09p399    16777831 2026-09-25 01:12:56        0.02        0.01              199        0.00


   1  377957516490 DONE (ALL ROWS)                     7q2d1ja09p399    16777831 2026-09-25 01:12:56        0.00        0.00                0        0.00


   1  124554446029 DONE (ALL ROWS)     SYS             7q2d1ja09p399    16777831 2026-09-25 01:12:56        0.02        0.02               30        0.01
SELECT COUNT(DISTINCT(OBJ#)) FROM SYS.DBA_HIST_SEG

   1 ############# DONE (ALL ROWS)                     3uvyfypaf6gj8    16777831 2026-09-25 01:12:55        0.00        0.00                0        0.00


   1 ############# DONE (ALL ROWS)                     3uvyfypaf6gj8    16777831 2026-09-25 01:12:55        0.02        0.02              485        0.00


   1 ############# DONE (FIRST N ROWS) SYS             6z2ta9assz9wp    16777831 2026-09-25 01:12:55        0.01        0.01                9        0.00
SELECT TS#, OBJ#, DATAOBJ#, SUM(ABS(SPACE_USED_DEL

   1  910533461185 DONE (ALL ROWS)                     8x47tb8m4syfa    16777831 2026-09-25 01:12:55        0.02        0.02              475        0.00


   1  910533461183 DONE (ALL ROWS)                     8x47tb8m4syfa    16777831 2026-09-25 01:12:55        0.01        0.01                9        0.00


   1  897648559287 DONE (ALL ROWS)                     cgqr2us4qjr5n    16777831 2026-09-25 01:12:55        0.01        0.01              474        0.00


   1  897648559285 DONE (ALL ROWS)                     cgqr2us4qjr5n    16777831 2026-09-25 01:12:55        0.01        0.01                9        0.00


   1  893353592007 DONE (ALL ROWS)                     6z2ta9assz9wp    16777831 2026-09-25 01:12:55        0.00        0.00                0        0.00


   1  893353592005 DONE (ALL ROWS)                     6z2ta9assz9wp    16777831 2026-09-25 01:12:55        0.02        0.02              213        0.00


   1  850403919026 DONE (ALL ROWS)                     c5wnbwzzc7h3k    16777831 2026-09-25 01:12:55        0.02        0.02              411        0.02


   1  794569344194 DONE (ALL ROWS)                     8x47tb8m4syfa    16777831 2026-09-25 01:12:55        0.03        0.02              204        0.00


   1  794569344192 DONE (ALL ROWS)                     8x47tb8m4syfa    16777831 2026-09-25 01:12:55        0.00        0.00                0        0.00


   1  768799540419 DONE (ALL ROWS)     SYS             8x47tb8m4syfa    16777831 2026-09-25 01:12:55        0.02        0.02               24        0.00
SELECT COUNT(DISTINCT(OBJ#)) FROM SYS.DBA_HIST_SEG

   1  712964965574 DONE (ALL ROWS)                     6z2ta9assz9wp    16777831 2026-09-25 01:12:55        0.00        0.00                0        0.00


   1  712964965572 DONE (ALL ROWS)                     6z2ta9assz9wp    16777831 2026-09-25 01:12:55        0.03        0.03              485        0.00


   1  678605227198 DONE (FIRST N ROWS) SYS             3uvyfypaf6gj8    16777831 2026-09-25 01:12:55        0.01        0.01                9        0.00
SELECT TS#, OBJ#, DATAOBJ#, SUM(TABLE_SCANS_DELTA)

   1  670015292595 DONE (ALL ROWS)                     c5wnbwzzc7h3k    16777831 2026-09-25 01:12:55        0.03        0.03               78        0.17


   1  236223595704 DONE (ALL ROWS)                     cgqr2us4qjr5n    16777831 2026-09-25 01:12:55        0.01        0.01              197        0.00


   1  236223595702 DONE (ALL ROWS)                     cgqr2us4qjr5n    16777831 2026-09-25 01:12:55        0.00        0.00                0        0.00


   1  227633661113 DONE (ALL ROWS)     SYS             cgqr2us4qjr5n    16777831 2026-09-25 01:12:55        0.02        0.02               27        0.01
SELECT COUNT(DISTINCT(OBJ#)) FROM SYS.DBA_HIST_SEG

   1  206158824628 DONE (ALL ROWS)     SYS             c5wnbwzzc7h3k    16777831 2026-09-25 01:12:55        0.06        0.05              404        0.05
SELECT COUNT(CURRENT_OBJ#) FROM SYS.DBA_HIST_ACTIV

   1   98784642237 DONE (ALL ROWS)                     3uvyfypaf6gj8    16777831 2026-09-25 01:12:55        0.00        0.00                0        0.00


   1   98784642235 DONE (ALL ROWS)                     3uvyfypaf6gj8    16777831 2026-09-25 01:12:55        0.02        0.02              213        0.00


   1 ############# DONE (ALL ROWS)                     1bb6770y9ra0c    16777831 2026-09-25 01:12:54        0.03        0.03              205        0.80


   1  893353591980 DONE (ALL ROWS)     SYS             5rg266kststvp    16777831 2026-09-25 01:12:54        0.03        0.02               27        0.01
SELECT COUNT(DISTINCT(OBJ#)) FROM SYS.DBA_HIST_SEG

   1  884763657392 DONE (ALL ROWS)                     9x309n0gww9rv    16777831 2026-09-25 01:12:54        0.00        0.00                0        0.00


   1  884763657390 DONE (ALL ROWS)                     9x309n0gww9rv    16777831 2026-09-25 01:12:54        0.01        0.01               26        0.00


   1  867583788209 DONE (FIRST N ROWS) SYS             9x309n0gww9rv    16777831 2026-09-25 01:12:54        0.03        0.02               27        0.01
SELECT TS#, OBJ#, DATAOBJ#, SUM(CHAIN_ROW_EXCESS_D

   1  807454246063 DONE (ALL ROWS)                     9x309n0gww9rv    16777831 2026-09-25 01:12:54        0.00        0.00                0        0.00

Inst           Key Status              Username        SQL ID            Exec ID Start Time            Elapsed S       CPU S         Buf Gets     Read MB
---- ------------- ------------------- --------------- ------------- ----------- ------------------- ----------- ----------- ---------------- -----------
SQL Text
--------------------------------------------------


   1  807454246061 DONE (ALL ROWS)                     9x309n0gww9rv    16777831 2026-09-25 01:12:54        0.02        0.01              135        0.00


   1  717259932842 DONE (ALL ROWS)                     5rg266kststvp    16777831 2026-09-25 01:12:54        0.02        0.01              474        0.00


   1  717259932840 DONE (ALL ROWS)                     5rg266kststvp    16777831 2026-09-25 01:12:54        0.01        0.01                9        0.00


   1  231928628391 DONE (ALL ROWS)     SYS             1bb6770y9ra0c    16777831 2026-09-25 01:12:54        0.01        0.01                0        0.00
SELECT NVL(MAX(SNAP_ID),0) FROM SYS.DBA_HIST_SEG_S

   1  231928628389 DONE (ALL ROWS)                     1bb6770y9ra0c    16777831 2026-09-25 01:12:54        0.02        0.02              472        0.00


   1  167504118955 DONE (ALL ROWS)                     5rg266kststvp    16777831 2026-09-25 01:12:54        0.02        0.01              196        0.00


   1  167504118953 DONE (ALL ROWS)                     5rg266kststvp    16777831 2026-09-25 01:12:54        0.00        0.00                0        0.00


   1  678605227170 DONE (ALL ROWS)                     605x8179cuahu    16777821 2026-09-24 01:12:43        0.00        0.00               29        0.00


   1  463856862371 DONE (ALL ROWS)                     605x8179cuahu    16777821 2026-09-24 01:12:43        0.00        0.00                2        0.00


   1  124554445988 DONE (ALL ROWS)     SYS             605x8179cuahu    16777821 2026-09-24 01:12:43        0.00        0.00                0        0.00
select directory_path from dba_directories where d

   1 ############# DONE (ALL ROWS)                     bbph561gkr06w    16777822 2026-09-24 01:11:40        0.00        0.00                0        0.00


   1 ############# DONE (ALL ROWS)                     bbph561gkr06w    16777822 2026-09-24 01:11:40        0.02        0.02              164        0.00


   1  725849867423 DONE (ALL ROWS)                     bbph561gkr06w    16777822 2026-09-24 01:11:40        0.00        0.00                0        0.00


   1  725849867421 DONE (ALL ROWS)                     bbph561gkr06w    16777822 2026-09-24 01:11:40        0.04        0.02              504        0.00


   1  687195161761 DONE (FIRST N ROWS) SYS             bbph561gkr06w    16777822 2026-09-24 01:11:40        0.01        0.01                9        0.00
SELECT TS#, OBJ#, DATAOBJ#, SUM(ABS(SPACE_ALLOCATE

   1  429497123994 DONE (ALL ROWS)                     7q2d1ja09p399    16777822 2026-09-24 01:11:40        0.01        0.01              494        0.00


   1  429497123992 DONE (ALL ROWS)                     7q2d1ja09p399    16777822 2026-09-24 01:11:40        0.00        0.00                9        0.00


   1  382252483740 DONE (ALL ROWS)     SYS             7q2d1ja09p399    16777822 2026-09-24 01:11:40        0.02        0.02               30        0.01
SELECT COUNT(DISTINCT(OBJ#)) FROM SYS.DBA_HIST_SEG

   1   90194707611 DONE (ALL ROWS)                     7q2d1ja09p399    16777822 2026-09-24 01:11:40        0.01        0.01              154        0.00


   1   90194707609 DONE (ALL ROWS)                     7q2d1ja09p399    16777822 2026-09-24 01:11:40        0.00        0.00                0        0.00


   1 ############# DONE (ALL ROWS)                     8x47tb8m4syfa    16777822 2026-09-24 01:11:39        0.02        0.02              157        0.00


   1 ############# DONE (ALL ROWS)                     8x47tb8m4syfa    16777822 2026-09-24 01:11:39        0.00        0.00                0        0.00


   1  987842872470 DONE (ALL ROWS)                     6z2ta9assz9wp    16777822 2026-09-24 01:11:39        0.00        0.00                0        0.00


   1  987842872468 DONE (ALL ROWS)                     6z2ta9assz9wp    16777822 2026-09-24 01:11:39        0.02        0.02              164        0.00


   1  841813984395 DONE (ALL ROWS)                     3uvyfypaf6gj8    16777822 2026-09-24 01:11:39        0.00        0.00                0        0.00


   1  841813984393 DONE (ALL ROWS)                     3uvyfypaf6gj8    16777822 2026-09-24 01:11:39        0.02        0.02              504        0.00


   1  743029736589 DONE (FIRST N ROWS) SYS             3uvyfypaf6gj8    16777822 2026-09-24 01:11:39        0.02        0.01                9        0.00
SELECT TS#, OBJ#, DATAOBJ#, SUM(TABLE_SCANS_DELTA)

   1  695785096332 DONE (ALL ROWS)                     3uvyfypaf6gj8    16777822 2026-09-24 01:11:39        0.00        0.00                0        0.00


   1  695785096330 DONE (ALL ROWS)                     3uvyfypaf6gj8    16777822 2026-09-24 01:11:39        0.02        0.02              164        0.00


   1  665720325255 DONE (ALL ROWS)                     cgqr2us4qjr5n    16777822 2026-09-24 01:11:39        0.01        0.01              152        0.00


   1  665720325253 DONE (ALL ROWS)                     cgqr2us4qjr5n    16777822 2026-09-24 01:11:39        0.00        0.00                0        0.00



Inst           Key Status              Username        SQL ID            Exec ID Start Time            Elapsed S       CPU S         Buf Gets     Read MB
---- ------------- ------------------- --------------- ------------- ----------- ------------------- ----------- ----------- ---------------- -----------
SQL Text
--------------------------------------------------
   1  614180717714 DONE (ALL ROWS)     SYS             8x47tb8m4syfa    16777822 2026-09-24 01:11:39        0.02        0.02               24        0.00
SELECT COUNT(DISTINCT(OBJ#)) FROM SYS.DBA_HIST_SEG

   1  605590783127 DONE (FIRST N ROWS) SYS             6z2ta9assz9wp    16777822 2026-09-24 01:11:39        0.01        0.01                9        0.00
SELECT TS#, OBJ#, DATAOBJ#, SUM(ABS(SPACE_USED_DEL

   1  442382025864 DONE (ALL ROWS)     SYS             cgqr2us4qjr5n    16777822 2026-09-24 01:11:39        0.04        0.02               27        0.01
SELECT COUNT(DISTINCT(OBJ#)) FROM SYS.DBA_HIST_SEG

   1  296353137813 DONE (ALL ROWS)                     6z2ta9assz9wp    16777822 2026-09-24 01:11:39        0.00        0.00                0        0.00


   1  296353137811 DONE (ALL ROWS)                     6z2ta9assz9wp    16777822 2026-09-24 01:11:39        0.03        0.02              504        0.00


   1  292058170502 DONE (ALL ROWS)                     cgqr2us4qjr5n    16777822 2026-09-24 01:11:39        0.02        0.01              494        0.00


   1  292058170500 DONE (ALL ROWS)                     cgqr2us4qjr5n    16777822 2026-09-24 01:11:39        0.01        0.01                9        0.00


   1   51540001936 DONE (ALL ROWS)                     8x47tb8m4syfa    16777822 2026-09-24 01:11:39        0.02        0.02              495        0.00


   1   51540001934 DONE (ALL ROWS)                     8x47tb8m4syfa    16777822 2026-09-24 01:11:39        0.00        0.01                9        0.00


   1 ############# DONE (ALL ROWS)     SYS             1bb6770y9ra0c    16777822 2026-09-24 01:11:38        0.01        0.00                0        0.00
SELECT NVL(MAX(SNAP_ID),0) FROM SYS.DBA_HIST_SEG_S

   1  996432807035 DONE (ALL ROWS)     SYS             5rg266kststvp    16777822 2026-09-24 01:11:38        0.04        0.02               27        0.01
SELECT COUNT(DISTINCT(OBJ#)) FROM SYS.DBA_HIST_SEG

   1  953483134082 DONE (ALL ROWS)                     c5wnbwzzc7h3k    16777822 2026-09-24 01:11:38        0.04        0.03               70        0.10


   1  880468690047 DONE (ALL ROWS)                     9x309n0gww9rv    16777822 2026-09-24 01:11:38        0.00        0.00                0        0.00


   1  880468690045 DONE (ALL ROWS)                     9x309n0gww9rv    16777822 2026-09-24 01:11:38        0.00        0.00                0        0.00


   1  867583788148 DONE (ALL ROWS)                     1bb6770y9ra0c    16777822 2026-09-24 01:11:38        0.03        0.02              491        0.00


   1  858993853557 DONE (ALL ROWS)                     1bb6770y9ra0c    16777822 2026-09-24 01:11:38        0.03        0.02              153        0.59


   1  721554900099 DONE (ALL ROWS)     SYS             c5wnbwzzc7h3k    16777822 2026-09-24 01:11:38        0.07        0.05              611        0.10
SELECT COUNT(CURRENT_OBJ#) FROM SYS.DBA_HIST_ACTIV

   1  597000848510 DONE (ALL ROWS)                     9x309n0gww9rv    16777822 2026-09-24 01:11:38        0.00        0.00                0        0.00


   1  597000848508 DONE (ALL ROWS)                     9x309n0gww9rv    16777822 2026-09-24 01:11:38        0.01        0.01                9        0.00


   1  390842418304 DONE (FIRST N ROWS) SYS             9x309n0gww9rv    16777822 2026-09-24 01:11:38        0.02        0.02               27        0.01
SELECT TS#, OBJ#, DATAOBJ#, SUM(CHAIN_ROW_EXCESS_D

   1  365072614522 DONE (ALL ROWS)                     5rg266kststvp    16777822 2026-09-24 01:11:38        0.01        0.01              152        0.00


   1  365072614520 DONE (ALL ROWS)                     5rg266kststvp    16777822 2026-09-24 01:11:38        0.00        0.00                0        0.00


   1   42950067321 DONE (ALL ROWS)                     5rg266kststvp    16777822 2026-09-24 01:11:38        0.01        0.01              494        0.00


   1   42950067319 DONE (ALL ROWS)                     5rg266kststvp    16777822 2026-09-24 01:11:38        0.01        0.01                9        0.00


   1   17180263553 DONE (ALL ROWS)                     c5wnbwzzc7h3k    16777822 2026-09-24 01:11:38        0.02        0.02              671        0.02


   1  807454246003 DONE (ALL ROWS)     SYS             605x8179cuahu    16777812 2026-09-23 01:11:22        0.00        0.00                0        0.00
select directory_path from dba_directories where d

   1  807454246002 DONE (ALL ROWS)                     605x8179cuahu    16777812 2026-09-23 01:11:22        0.01        0.00                2        0.00


   1   60129936497 DONE (ALL ROWS)                     605x8179cuahu    16777812 2026-09-23 01:11:22        0.00        0.00               29        0.00


   1  764504573035 DONE (ALL ROWS)     SYS             7q2d1ja09p399    16777813 2026-09-23 01:10:21        0.02        0.02               24        0.00
SELECT COUNT(DISTINCT(OBJ#)) FROM SYS.DBA_HIST_SEG

   1  704375030889 DONE (ALL ROWS)                     7q2d1ja09p399    16777813 2026-09-23 01:10:21        0.01        0.01              445        0.00


   1  704375030887 DONE (ALL ROWS)                     7q2d1ja09p399    16777813 2026-09-23 01:10:21        0.01        0.01                9        0.00


   1  506806535274 DONE (ALL ROWS)                     7q2d1ja09p399    16777813 2026-09-23 01:10:21        0.01        0.01              102        0.00


Inst           Key Status              Username        SQL ID            Exec ID Start Time            Elapsed S       CPU S         Buf Gets     Read MB
---- ------------- ------------------- --------------- ------------- ----------- ------------------- ----------- ----------- ---------------- -----------
SQL Text
--------------------------------------------------

   1  506806535272 DONE (ALL ROWS)                     7q2d1ja09p399    16777813 2026-09-23 01:10:21        0.00        0.00                0        0.00


   1  300648105070 DONE (ALL ROWS)                     bbph561gkr06w    16777813 2026-09-23 01:10:21        0.00        0.00                0        0.00


   1  300648105068 DONE (ALL ROWS)                     bbph561gkr06w    16777813 2026-09-23 01:10:21        0.02        0.02              455        0.00


   1  210453791856 DONE (FIRST N ROWS) SYS             bbph561gkr06w    16777813 2026-09-23 01:10:21        0.01        0.01                9        0.00
SELECT TS#, OBJ#, DATAOBJ#, SUM(ABS(SPACE_ALLOCATE

   1   47245034607 DONE (ALL ROWS)                     bbph561gkr06w    16777813 2026-09-23 01:10:21        0.00        0.00                0        0.00


   1   47245034605 DONE (ALL ROWS)                     bbph561gkr06w    16777813 2026-09-23 01:10:21        0.02        0.02              108        0.00


   1  944893199446 DONE (ALL ROWS)                     cgqr2us4qjr5n    16777813 2026-09-23 01:10:20        0.01        0.01              101        0.00


   1  944893199444 DONE (ALL ROWS)                     cgqr2us4qjr5n    16777813 2026-09-23 01:10:20        0.00        0.00                0        0.00


   1  910533461088 DONE (ALL ROWS)                     8x47tb8m4syfa    16777813 2026-09-23 01:10:20        0.03        0.02              103        0.00


   1  910533461086 DONE (ALL ROWS)                     8x47tb8m4syfa    16777813 2026-09-23 01:10:20        0.00        0.00                0        0.00


   1  897648559206 DONE (FIRST N ROWS) SYS             6z2ta9assz9wp    16777813 2026-09-23 01:10:20        0.01        0.01                9        0.00
SELECT TS#, OBJ#, DATAOBJ#, SUM(ABS(SPACE_USED_DEL

   1  751619671120 DONE (ALL ROWS)                     c5wnbwzzc7h3k    16777813 2026-09-23 01:10:20        0.03        0.02              613        0.02


   1  730144834651 DONE (ALL ROWS)                     3uvyfypaf6gj8    16777813 2026-09-23 01:10:20        0.00        0.00                0        0.00


   1  730144834649 DONE (ALL ROWS)                     3uvyfypaf6gj8    16777813 2026-09-23 01:10:20        0.02        0.02              108        0.00


   1  730144834642 DONE (ALL ROWS)     SYS             c5wnbwzzc7h3k    16777813 2026-09-23 01:10:20        0.06        0.06              616        0.00
SELECT COUNT(CURRENT_OBJ#) FROM SYS.DBA_HIST_ACTIV

   1  627065619551 DONE (ALL ROWS)                     8x47tb8m4syfa    16777813 2026-09-23 01:10:20        0.02        0.02              445        0.00


   1  627065619549 DONE (ALL ROWS)                     8x47tb8m4syfa    16777813 2026-09-23 01:10:20        0.01        0.01                9        0.00


   1  609885750369 DONE (ALL ROWS)     SYS             8x47tb8m4syfa    16777813 2026-09-23 01:10:20        0.05        0.02               24        0.00
SELECT COUNT(DISTINCT(OBJ#)) FROM SYS.DBA_HIST_SEG

   1  528281371735 DONE (ALL ROWS)     SYS             cgqr2us4qjr5n    16777813 2026-09-23 01:10:20        0.02        0.02               24        0.00
SELECT COUNT(DISTINCT(OBJ#)) FROM SYS.DBA_HIST_SEG

   1  442382025828 DONE (ALL ROWS)                     6z2ta9assz9wp    16777813 2026-09-23 01:10:20        0.00        0.00                0        0.00


   1  442382025826 DONE (ALL ROWS)                     6z2ta9assz9wp    16777813 2026-09-23 01:10:20        0.02        0.02              455        0.00


   1  395137385562 DONE (ALL ROWS)                     3uvyfypaf6gj8    16777813 2026-09-23 01:10:20        0.00        0.00                0        0.00


   1  395137385560 DONE (ALL ROWS)                     3uvyfypaf6gj8    16777813 2026-09-23 01:10:20        0.04        0.03              455        0.00


   1  395137385553 DONE (ALL ROWS)                     c5wnbwzzc7h3k    16777813 2026-09-23 01:10:20        0.03        0.02               64        0.05


   1  240518562917 DONE (ALL ROWS)                     6z2ta9assz9wp    16777813 2026-09-23 01:10:20        0.00        0.00                0        0.00


   1  240518562915 DONE (ALL ROWS)                     6z2ta9assz9wp    16777813 2026-09-23 01:10:20        0.02        0.02              108        0.00


   1   42950067285 DONE (ALL ROWS)                     cgqr2us4qjr5n    16777813 2026-09-23 01:10:20        0.02        0.01              445        0.00


   1   42950067283 DONE (ALL ROWS)                     cgqr2us4qjr5n    16777813 2026-09-23 01:10:20        0.00        0.01                9        0.00


   1    4295361628 DONE (FIRST N ROWS) SYS             3uvyfypaf6gj8    16777813 2026-09-23 01:10:20        0.01        0.01                9        0.00
SELECT TS#, OBJ#, DATAOBJ#, SUM(TABLE_SCANS_DELTA)

   1 ############# DONE (ALL ROWS)                     1bb6770y9ra0c    16777813 2026-09-23 01:10:19        0.02        0.02               97        0.19


   1  949188166735 DONE (FIRST N ROWS) SYS             9x309n0gww9rv    16777813 2026-09-23 01:10:19        0.03        0.02               24        0.00
SELECT TS#, OBJ#, DATAOBJ#, SUM(CHAIN_ROW_EXCESS_D

   1  906238493768 DONE (ALL ROWS)                     5rg266kststvp    16777813 2026-09-23 01:10:19        0.01        0.01              445        0.00

Inst           Key Status              Username        SQL ID            Exec ID Start Time            Elapsed S       CPU S         Buf Gets     Read MB
---- ------------- ------------------- --------------- ------------- ----------- ------------------- ----------- ----------- ---------------- -----------
SQL Text
--------------------------------------------------


   1  906238493766 DONE (ALL ROWS)                     5rg266kststvp    16777813 2026-09-23 01:10:19        0.00        0.01                9        0.00


   1  695785096259 DONE (ALL ROWS)                     1bb6770y9ra0c    16777813 2026-09-23 01:10:19        0.02        0.02              442        0.00


   1  657130390601 DONE (ALL ROWS)                     5rg266kststvp    16777813 2026-09-23 01:10:19        0.01        0.01              101        0.00


   1  657130390599 DONE (ALL ROWS)                     5rg266kststvp    16777813 2026-09-23 01:10:19        0.00        0.00                0        0.00


   1  652835423306 DONE (ALL ROWS)     SYS             5rg266kststvp    16777813 2026-09-23 01:10:19        0.04        0.02               24        0.00
SELECT COUNT(DISTINCT(OBJ#)) FROM SYS.DBA_HIST_SEG

   1  365072614477 DONE (ALL ROWS)                     9x309n0gww9rv    16777813 2026-09-23 01:10:19        0.00        0.00                0        0.00


   1  365072614475 DONE (ALL ROWS)                     9x309n0gww9rv    16777813 2026-09-23 01:10:19        0.01        0.01                9        0.00


   1  283468235845 DONE (ALL ROWS)     SYS             1bb6770y9ra0c    16777813 2026-09-23 01:10:19        0.01        0.01                0        0.00
SELECT NVL(MAX(SNAP_ID),0) FROM SYS.DBA_HIST_SEG_S

   1  188978955342 DONE (ALL ROWS)                     9x309n0gww9rv    16777813 2026-09-23 01:10:19        0.00        0.00                0        0.00


   1  188978955340 DONE (ALL ROWS)                     9x309n0gww9rv    16777813 2026-09-23 01:10:19        0.00        0.00               11        0.00


   1  627065619521 DONE (ALL ROWS)                     605x8179cuahu    16777806 2026-09-22 01:21:59        0.01        0.01               14        0.00


   1  511101502528 DONE (ALL ROWS)                     605x8179cuahu    16777806 2026-09-22 01:21:59        0.00        0.00               29        0.00


   1  236223595586 DONE (ALL ROWS)     SYS             605x8179cuahu    16777806 2026-09-22 01:21:59        0.00        0.00                0        0.00
select directory_path from dba_directories where d

   1  558346142783 DONE (ALL ROWS)     SYS             a7fjpzw4ymsvk    16777216 2026-09-22 01:20:51        9.93        9.81                0        0.00
/* SQL Analyze(1) */ select /*+  full(t)    no_par

   1 ############# DONE (ALL ROWS)                     6z2ta9assz9wp    16777805 2026-09-22 01:18:57        0.00        0.00                0        0.00


   1 ############# DONE (ALL ROWS)                     6z2ta9assz9wp    16777805 2026-09-22 01:18:57        0.02        0.02              430        0.00


   1  893353591864 DONE (ALL ROWS)                     7q2d1ja09p399    16777805 2026-09-22 01:18:57        0.01        0.01              649        0.00


   1  893353591862 DONE (ALL ROWS)                     7q2d1ja09p399    16777805 2026-09-22 01:18:57        0.00        0.00                0        0.00


   1  670015292468 DONE (FIRST N ROWS) SYS             6z2ta9assz9wp    16777805 2026-09-22 01:18:57        0.01        0.01                9        0.00
SELECT TS#, OBJ#, DATAOBJ#, SUM(ABS(SPACE_USED_DEL

   1  665720325182 DONE (FIRST N ROWS) SYS             bbph561gkr06w    16777805 2026-09-22 01:18:57        0.01        0.01                9        0.00
SELECT TS#, OBJ#, DATAOBJ#, SUM(ABS(SPACE_ALLOCATE

   1  558346142781 DONE (ALL ROWS)                     bbph561gkr06w    16777805 2026-09-22 01:18:57        0.00        0.00                0        0.00


   1  558346142779 DONE (ALL ROWS)                     bbph561gkr06w    16777805 2026-09-22 01:18:57        0.02        0.02              430        0.00


   1  506806535228 DONE (ALL ROWS)                     bbph561gkr06w    16777805 2026-09-22 01:18:57        0.00        0.00                0        0.00


   1  506806535226 DONE (ALL ROWS)                     bbph561gkr06w    16777805 2026-09-22 01:18:57        0.02        0.02              454        0.00


   1  493921633330 DONE (ALL ROWS)                     6z2ta9assz9wp    16777805 2026-09-22 01:18:57        0.00        0.00                0        0.00


   1  493921633328 DONE (ALL ROWS)                     6z2ta9assz9wp    16777805 2026-09-22 01:18:57        0.03        0.03              454        0.00


   1   90194707511 DONE (ALL ROWS)                     7q2d1ja09p399    16777805 2026-09-22 01:18:57        0.01        0.01              445        0.00


   1   90194707509 DONE (ALL ROWS)                     7q2d1ja09p399    16777805 2026-09-22 01:18:57        0.00        0.00                9        0.00


   1   68719871033 DONE (ALL ROWS)     SYS             7q2d1ja09p399    16777805 2026-09-22 01:18:57        0.02        0.02               26        0.00
SELECT COUNT(DISTINCT(OBJ#)) FROM SYS.DBA_HIST_SEG

   1 ############# DONE (ALL ROWS)                     8x47tb8m4syfa    16777805 2026-09-22 01:18:56        0.02        0.02              445        0.00


   1 ############# DONE (ALL ROWS)                     8x47tb8m4syfa    16777805 2026-09-22 01:18:56        0.01        0.01                9        0.00



Inst           Key Status              Username        SQL ID            Exec ID Start Time            Elapsed S       CPU S         Buf Gets     Read MB
---- ------------- ------------------- --------------- ------------- ----------- ------------------- ----------- ----------- ---------------- -----------
SQL Text
--------------------------------------------------
   1 ############# DONE (ALL ROWS)                     1bb6770y9ra0c    16777805 2026-09-22 01:18:56        0.01        0.01              653        0.02


   1 ############# DONE (ALL ROWS)                     5rg266kststvp    16777805 2026-09-22 01:18:56        0.01        0.01              445        0.00


   1 ############# DONE (ALL ROWS)                     5rg266kststvp    16777805 2026-09-22 01:18:56        0.01        0.01                9        0.00


   1  949188166698 DONE (FIRST N ROWS) SYS             3uvyfypaf6gj8    16777805 2026-09-22 01:18:56        0.01        0.01                9        0.00
SELECT TS#, OBJ#, DATAOBJ#, SUM(TABLE_SCANS_DELTA)

   1  936303264792 DONE (ALL ROWS)     SYS             5rg266kststvp    16777805 2026-09-22 01:18:56        0.02        0.02               28        0.00
SELECT COUNT(DISTINCT(OBJ#)) FROM SYS.DBA_HIST_SEG

   1  932008297501 DONE (FIRST N ROWS) SYS             9x309n0gww9rv    16777805 2026-09-22 01:18:56        0.03        0.02               28        0.00
SELECT TS#, OBJ#, DATAOBJ#, SUM(CHAIN_ROW_EXCESS_D

   1  858993853486 DONE (ALL ROWS)                     8x47tb8m4syfa    16777805 2026-09-22 01:18:56        0.01        0.01              653        0.00


   1  858993853484 DONE (ALL ROWS)                     8x47tb8m4syfa    16777805 2026-09-22 01:18:56        0.00        0.00                0        0.00


   1  854698886180 DONE (ALL ROWS)                     cgqr2us4qjr5n    16777805 2026-09-22 01:18:56        0.01        0.01              649        0.00


   1  854698886178 DONE (ALL ROWS)                     cgqr2us4qjr5n    16777805 2026-09-22 01:18:56        0.00        0.00                0        0.00


   1  807454245920 DONE (ALL ROWS)     SYS             c5wnbwzzc7h3k    16777805 2026-09-22 01:18:56        0.05        0.05              468        0.02
SELECT COUNT(CURRENT_OBJ#) FROM SYS.DBA_HIST_ACTIV

   1  768799540264 DONE (ALL ROWS)                     3uvyfypaf6gj8    16777805 2026-09-22 01:18:56        0.00        0.00                0        0.00


   1  768799540262 DONE (ALL ROWS)                     3uvyfypaf6gj8    16777805 2026-09-22 01:18:56        0.01        0.01                9        0.00


   1  747324703771 DONE (ALL ROWS)                     9x309n0gww9rv    16777805 2026-09-22 01:18:56        0.00        0.00                0        0.00


   1  747324703769 DONE (ALL ROWS)                     9x309n0gww9rv    16777805 2026-09-22 01:18:56        0.02        0.02               17        0.00


   1  725849867283 DONE (ALL ROWS)     SYS             1bb6770y9ra0c    16777805 2026-09-22 01:18:56        0.00        0.00                0        0.00
SELECT NVL(MAX(SNAP_ID),0) FROM SYS.DBA_HIST_SEG_S

   1  687195161647 DONE (ALL ROWS)     SYS             8x47tb8m4syfa    16777805 2026-09-22 01:18:56        0.02        0.02               26        0.00
SELECT COUNT(DISTINCT(OBJ#)) FROM SYS.DBA_HIST_SEG

   1  609885750309 DONE (ALL ROWS)     SYS             cgqr2us4qjr5n    16777805 2026-09-22 01:18:56        0.02        0.02               26        0.00
SELECT COUNT(DISTINCT(OBJ#)) FROM SYS.DBA_HIST_SEG

   1  493921633308 DONE (ALL ROWS)                     9x309n0gww9rv    16777805 2026-09-22 01:18:56        0.00        0.00                0        0.00


   1  493921633306 DONE (ALL ROWS)                     9x309n0gww9rv    16777805 2026-09-22 01:18:56        0.01        0.01              159        0.00


   1  442382025759 DONE (ALL ROWS)                     c5wnbwzzc7h3k    16777805 2026-09-22 01:18:56        0.02        0.02               56        0.04


   1  270583333918 DONE (ALL ROWS)                     c5wnbwzzc7h3k    16777805 2026-09-22 01:18:56        0.02        0.02              609        0.02


   1  206158824489 DONE (ALL ROWS)                     3uvyfypaf6gj8    16777805 2026-09-22 01:18:56        0.00        0.00                0        0.00


   1  206158824487 DONE (ALL ROWS)                     3uvyfypaf6gj8    16777805 2026-09-22 01:18:56        0.00        0.00                0        0.00


   1  188978955287 DONE (ALL ROWS)                     5rg266kststvp    16777805 2026-09-22 01:18:56        0.01        0.01              649        0.00


   1  188978955285 DONE (ALL ROWS)                     5rg266kststvp    16777805 2026-09-22 01:18:56        0.00        0.00                0        0.00


   1   98784642083 DONE (ALL ROWS)                     cgqr2us4qjr5n    16777805 2026-09-22 01:18:56        0.01        0.01              445        0.00


   1   98784642081 DONE (ALL ROWS)                     cgqr2us4qjr5n    16777805 2026-09-22 01:18:56        0.00        0.01                9        0.00


   1   85899740177 DONE (ALL ROWS)                     1bb6770y9ra0c    16777805 2026-09-22 01:18:56        0.02        0.02              442        0.00


   1  257698432016 DONE                SYS             dnk7sn0bp3yk9    16777342 2026-09-21 22:00:01      156.90      154.12        3,417,628       19.20
DECLARE job BINARY_INTEGER := :job;  next_date TIM

   1  687195161615 DONE (ALL ROWS)     SQLTEST         62vmfw8u2uu4u    16777228 2026-09-21 15:41:11        0.01        0.01                0        0.00
SELECT

   1   25770198030 DONE (ALL ROWS)                     62vmfw8u2uu4u    16777228 2026-09-21 15:41:11        0.00        0.00               18        0.00


Inst           Key Status              Username        SQL ID            Exec ID Start Time            Elapsed S       CPU S         Buf Gets     Read MB
---- ------------- ------------------- --------------- ------------- ----------- ------------------- ----------- ----------- ---------------- -----------
SQL Text
--------------------------------------------------

   1   25770198028 DONE (ALL ROWS)                     62vmfw8u2uu4u    16777228 2026-09-21 15:41:11        0.00        0.00                0        0.00


   1   12885296141 DONE (ALL ROWS)                     62vmfw8u2uu4u    16777228 2026-09-21 15:41:11        0.00        0.00               17        0.00


   1   12885296139 DONE (ALL ROWS)                     62vmfw8u2uu4u    16777228 2026-09-21 15:41:11        0.00        0.00                0        0.00


   1  652835423241 DONE (ALL ROWS)                     76zaaknd2wm3m    16777229 2026-09-21 15:41:08        0.00        0.00                0        0.00


   1  652835423239 DONE (ALL ROWS)                     76zaaknd2wm3m    16777229 2026-09-21 15:41:08        0.03        0.03            1,690        0.00


   1  433792091146 DONE (ALL ROWS)     SQLTEST         76zaaknd2wm3m    16777229 2026-09-21 15:41:08        0.06        0.06            1,322        0.00
SELECT

   1  171799086088 DONE (ALL ROWS)                     76zaaknd2wm3m    16777229 2026-09-21 15:41:08        0.00        0.00                0        0.00


   1  171799086086 DONE (ALL ROWS)                     76zaaknd2wm3m    16777229 2026-09-21 15:41:08        0.02        0.02            1,538        0.00


   1  695785096196 DONE (ALL ROWS)     SQLTEST         9jhpr5m34rzcj    16777220 2026-09-21 15:41:05        0.02        0.02                0        0.00
SELECT

   1  498216600578 DONE (ALL ROWS)                     9jhpr5m34rzcj    16777220 2026-09-21 15:41:05        0.00        0.00                0        0.00


   1  498216600576 DONE (ALL ROWS)                     9jhpr5m34rzcj    16777220 2026-09-21 15:41:05        0.03        0.03              735        0.00


   1  231928628227 DONE (ALL ROWS)                     9jhpr5m34rzcj    16777220 2026-09-21 15:41:05        0.00        0.00                0        0.00


   1  231928628225 DONE (ALL ROWS)                     9jhpr5m34rzcj    16777220 2026-09-21 15:41:05        0.00        0.00              312        0.00


   1   73014838277 DONE (ALL ROWS)     SQLTEST         7q1p6hbvktkmc    16777220 2026-09-21 15:41:05        0.00        0.00                0        0.00
SELECT /*+ MONITOR WS_MONITOR_SEED */ count(*) FRO

   1  871878755327 DONE (ALL ROWS)     SQLTEST         4frzha4nx7b8t    16777229 2026-09-21 15:40:49        0.01        0.01                3        0.00
SELECT /*+ PARALLEL */ count(*) FROM "SQLTEST"."SY

   1  858993853436 DONE (ALL ROWS)                     4frzha4nx7b8t    16777229 2026-09-21 15:40:49        0.00        0.00                0        0.00


   1  773094507517 DONE (ALL ROWS)                     4frzha4nx7b8t    16777229 2026-09-21 15:40:49        0.00        0.00                0        0.00


   1  648540455930 DONE (ALL ROWS)                     4frzha4nx7b8t    16777229 2026-09-21 15:40:49        0.00        0.00                0        0.00


   1  511101502456 DONE (ALL ROWS)                     4frzha4nx7b8t    16777229 2026-09-21 15:40:49        0.00        0.00                0        0.00


   1  377957516286 DONE (ALL ROWS)                     4frzha4nx7b8t    16777229 2026-09-21 15:40:49        0.00        0.00                0        0.00


   1  146029282297 DONE (ALL ROWS)                     4frzha4nx7b8t    16777229 2026-09-21 15:40:49        0.00        0.00                0        0.00


   1   47245034487 DONE (ALL ROWS)                     4frzha4nx7b8t    16777229 2026-09-21 15:40:49        0.00        0.00                3        0.00


   1   12885296123 DONE (ALL ROWS)                     4frzha4nx7b8t    16777229 2026-09-21 15:40:49        0.00        0.00                0        0.00


   1  970663003119 DONE (ALL ROWS)                     11xwc8jsxp3hv    16777231 2026-09-21 15:40:41        0.07        0.07            3,418        0.00


   1  970663003117 DONE (ALL ROWS)                     11xwc8jsxp3hv    16777231 2026-09-21 15:40:41        0.00        0.00                0        0.00


   1  953483133940 DONE (ALL ROWS)                     3b6ns51tsd038    16777231 2026-09-21 15:40:41        0.00        0.00               94        0.00


   1  953483133938 DONE (ALL ROWS)                     3b6ns51tsd038    16777231 2026-09-21 15:40:41        0.08        0.08            4,133        0.00


   1  854698886129 DONE (ALL ROWS)     SQLTEST         11xwc8jsxp3hv    16777231 2026-09-21 15:40:41        0.15        0.14            4,031        0.00
WITH fk_cols AS (

   1  605590782966 DONE (ALL ROWS)     SQLTEST         3b6ns51tsd038    16777231 2026-09-21 15:40:41        0.07        0.06            3,849        0.00
WITH fk AS (

   1  335007843317 DONE (ALL ROWS)                     3b6ns51tsd038    16777231 2026-09-21 15:40:41        0.00        0.00                0        0.00


   1  335007843315 DONE (ALL ROWS)                     3b6ns51tsd038    16777231 2026-09-21 15:40:41        0.12        0.12            4,050        0.00


   1  231928628208 DONE (ALL ROWS)                     11xwc8jsxp3hv    16777231 2026-09-21 15:40:41        0.14        0.14            4,174        0.00

Inst           Key Status              Username        SQL ID            Exec ID Start Time            Elapsed S       CPU S         Buf Gets     Read MB
---- ------------- ------------------- --------------- ------------- ----------- ------------------- ----------- ----------- ---------------- -----------
SQL Text
--------------------------------------------------


   1  231928628206 DONE (ALL ROWS)                     11xwc8jsxp3hv    16777231 2026-09-21 15:40:41        0.00        0.00                0        0.00


   1  695785096166 DONE (ALL ROWS)                     famw2p0jmuky9    16777245 2026-09-21 15:40:38        0.00        0.00                0        0.00


   1  695785096164 DONE (ALL ROWS)                     famw2p0jmuky9    16777245 2026-09-21 15:40:38        0.00        0.00               26        0.00


   1  575526011883 DONE (ALL ROWS)                     01uqyjyb7xctb    16777245 2026-09-21 15:40:38        0.00        0.00                0        0.00


   1  575526011881 DONE (ALL ROWS)                     01uqyjyb7xctb    16777245 2026-09-21 15:40:38        0.00        0.00                0        0.00


   1  519691437026 DONE (ALL ROWS)     SQLTEST         8ravu0fxfq4c3    16777249 2026-09-21 15:40:38        0.02        0.01                0        0.00
WITH constraint_columns AS (

   1  463856862176 DONE (ALL ROWS)                     8ravu0fxfq4c3    16777249 2026-09-21 15:40:38        0.00        0.00               26        0.00


   1  463856862174 DONE (ALL ROWS)                     8ravu0fxfq4c3    16777249 2026-09-21 15:40:38        0.00        0.00                0        0.00


   1  412317254629 DONE (ALL ROWS)                     famw2p0jmuky9    16777245 2026-09-21 15:40:38        0.00        0.00                0        0.00


   1  412317254627 DONE (ALL ROWS)                     famw2p0jmuky9    16777245 2026-09-21 15:40:38        0.00        0.00               26        0.00


   1  335007843306 DONE (ALL ROWS)                     01uqyjyb7xctb    16777245 2026-09-21 15:40:38        0.00        0.00                0        0.00


   1  335007843304 DONE (ALL ROWS)                     01uqyjyb7xctb    16777245 2026-09-21 15:40:38        0.00        0.00                0        0.00


   1  279173268460 DONE (ALL ROWS)     SQLTEST         01uqyjyb7xctb    16777245 2026-09-21 15:40:38        0.07        0.07            3,608        0.00
WITH inbound_keys AS (

   1  128849413095 DONE (ALL ROWS)     SQLTEST         famw2p0jmuky9    16777245 2026-09-21 15:40:38        0.01        0.00                0        0.00
WITH fk_columns AS (

   1    8590328801 DONE (ALL ROWS)                     8ravu0fxfq4c3    16777249 2026-09-21 15:40:38        0.00        0.00               26        0.00


   1    8590328799 DONE (ALL ROWS)                     8ravu0fxfq4c3    16777249 2026-09-21 15:40:38        0.00        0.00                0        0.00


   1  876173722584 DONE (ALL ROWS)     SQLTEST         famw2p0jmuky9    16777244 2026-09-21 15:40:37        0.01        0.00                0        0.00
WITH fk_columns AS (

   1  631360586717 DONE (ALL ROWS)     SQLTEST         01uqyjyb7xctb    16777244 2026-09-21 15:40:37        0.06        0.05            3,678        0.00
WITH inbound_keys AS (

   1  588410913750 DONE (ALL ROWS)                     famw2p0jmuky9    16777244 2026-09-21 15:40:37        0.06        0.06            3,418        0.00


   1  588410913748 DONE (ALL ROWS)                     famw2p0jmuky9    16777244 2026-09-21 15:40:37        0.00        0.00               26        0.00


   1  532576338897 DONE (ALL ROWS)                     8ravu0fxfq4c3    16777248 2026-09-21 15:40:37        0.00        0.00               26        0.00


   1  532576338895 DONE (ALL ROWS)                     8ravu0fxfq4c3    16777248 2026-09-21 15:40:37        0.00        0.00                0        0.00


   1  309238039507 DONE (ALL ROWS)     SQLTEST         8ravu0fxfq4c3    16777248 2026-09-21 15:40:37        0.02        0.01                0        0.00
WITH constraint_columns AS (

   1  167504118743 DONE (ALL ROWS)                     famw2p0jmuky9    16777244 2026-09-21 15:40:37        0.14        0.14            4,174        0.00


   1  167504118741 DONE (ALL ROWS)                     famw2p0jmuky9    16777244 2026-09-21 15:40:37        0.00        0.00               88        0.00


   1  107374576604 DONE (ALL ROWS)                     01uqyjyb7xctb    16777244 2026-09-21 15:40:37        0.00        0.00                0        0.00


   1  107374576602 DONE (ALL ROWS)                     01uqyjyb7xctb    16777244 2026-09-21 15:40:37        0.00        0.00               26        0.00


   1   51540001746 DONE (ALL ROWS)                     8ravu0fxfq4c3    16777248 2026-09-21 15:40:37        0.00        0.00              224        0.00


   1   51540001744 DONE (ALL ROWS)                     8ravu0fxfq4c3    16777248 2026-09-21 15:40:37        0.00        0.00                0        0.00


   1   38655099867 DONE (ALL ROWS)                     01uqyjyb7xctb    16777244 2026-09-21 15:40:37        0.00        0.00                0        0.00


   1   38655099865 DONE (ALL ROWS)                     01uqyjyb7xctb    16777244 2026-09-21 15:40:37        0.00        0.00               44        0.00



Inst           Key Status              Username        SQL ID            Exec ID Start Time            Elapsed S       CPU S         Buf Gets     Read MB
---- ------------- ------------------- --------------- ------------- ----------- ------------------- ----------- ----------- ---------------- -----------
SQL Text
--------------------------------------------------
   1  798864311244 DONE (ALL ROWS)                     7wj2qd0ygpzdd    16777229 2026-09-21 15:40:32        0.00        0.00               26        0.00


   1  798864311242 DONE (ALL ROWS)                     7wj2qd0ygpzdd    16777229 2026-09-21 15:40:32        0.00        0.00                0        0.00


   1  631360586702 DONE (ALL ROWS)     SQLTEST         7wj2qd0ygpzdd    16777229 2026-09-21 15:40:32        0.01        0.01                0        0.00
SELECT OWNER, TABLE_NAME, CONSTRAINT_NAME, CONSTRA

   1   38655099853 DONE (ALL ROWS)                     7wj2qd0ygpzdd    16777229 2026-09-21 15:40:32        0.00        0.00               45        0.00


   1   38655099851 DONE (ALL ROWS)                     7wj2qd0ygpzdd    16777229 2026-09-21 15:40:32        0.00        0.00                0        0.00


   1  399432352712 DONE (ALL ROWS)                     9rgx0fpugqjvj    16777232 2026-09-21 15:40:22        0.00        0.00                5        0.00


   1   98784641993 DONE (ALL ROWS)     SQLTEST         9rgx0fpugqjvj    16777232 2026-09-21 15:40:22        0.01        0.01                0        0.00
SELECT

   1   38655099847 DONE (ALL ROWS)                     9rgx0fpugqjvj    16777232 2026-09-21 15:40:22        0.00        0.00                1        0.00


   1  962073068486 DONE                SYS             ampw9ddqufjd3    16800002 2026-09-21 12:28:22        6.50        6.42          167,825        2.59
begin /*KAPI:capture*/ dbms_auto_index_internal.ca

   1  150324249541 DONE                SYS             ampw9ddqufjd3    16799996 2026-09-21 12:13:21        7.95        7.82          189,620        4.57
begin /*KAPI:capture*/ dbms_auto_index_internal.ca

   1 ############# DONE (ALL ROWS)     SQLTEST         62vmfw8u2uu4u    16777227 2026-09-21 12:08:10        0.01        0.01                0        0.00
SELECT

   1  665720325058 DONE (ALL ROWS)                     62vmfw8u2uu4u    16777227 2026-09-21 12:08:10        0.00        0.00               17        0.00


   1  665720325056 DONE (ALL ROWS)                     62vmfw8u2uu4u    16777227 2026-09-21 12:08:10        0.00        0.00                0        0.00


   1   55834969027 DONE (ALL ROWS)                     62vmfw8u2uu4u    16777227 2026-09-21 12:08:10        0.00        0.00               18        0.00


   1   55834969025 DONE (ALL ROWS)                     62vmfw8u2uu4u    16777227 2026-09-21 12:08:10        0.00        0.00                0        0.00


   1 ############# DONE (ALL ROWS)                     76zaaknd2wm3m    16777228 2026-09-21 12:08:08        0.00        0.00                0        0.00


   1 ############# DONE (ALL ROWS)                     76zaaknd2wm3m    16777228 2026-09-21 12:08:08        0.03        0.03            1,690        0.00


   1  807454245821 DONE (ALL ROWS)                     76zaaknd2wm3m    16777228 2026-09-21 12:08:08        0.00        0.00                0        0.00


   1  807454245819 DONE (ALL ROWS)                     76zaaknd2wm3m    16777228 2026-09-21 12:08:08        0.02        0.02            1,538        0.00


   1  377957516223 DONE (ALL ROWS)     SQLTEST         76zaaknd2wm3m    16777228 2026-09-21 12:08:08        0.07        0.06            1,322        0.00
SELECT

   1  554051175354 DONE (ALL ROWS)     SQLTEST         7q1p6hbvktkmc    16777219 2026-09-21 12:08:04        0.00        0.00                0        0.00
SELECT /*+ MONITOR WS_MONITOR_SEED */ count(*) FRO

   1  412317254585 DONE (ALL ROWS)     SQLTEST         9jhpr5m34rzcj    16777219 2026-09-21 12:08:04        0.01        0.01                0        0.00
SELECT

   1  360777647032 DONE (ALL ROWS)                     9jhpr5m34rzcj    16777219 2026-09-21 12:08:04        0.00        0.00                0        0.00


   1  360777647030 DONE (ALL ROWS)                     9jhpr5m34rzcj    16777219 2026-09-21 12:08:04        0.00        0.00              102        0.00


   1  356482679735 DONE (ALL ROWS)                     9jhpr5m34rzcj    16777219 2026-09-21 12:08:04        0.00        0.00                0        0.00


   1  356482679733 DONE (ALL ROWS)                     9jhpr5m34rzcj    16777219 2026-09-21 12:08:04        0.03        0.03              728        0.00


   1 ############# DONE (ALL ROWS)                     4frzha4nx7b8t    16777228 2026-09-21 12:07:48        0.00        0.00                0        0.00


   1 ############# DONE (ALL ROWS)                     4frzha4nx7b8t    16777228 2026-09-21 12:07:48        0.00        0.00                0        0.00


   1  936303264691 DONE (ALL ROWS)                     4frzha4nx7b8t    16777228 2026-09-21 12:07:48        0.00        0.00                0        0.00


   1  906238493612 DONE (ALL ROWS)                     4frzha4nx7b8t    16777228 2026-09-21 12:07:48        0.00        0.00                3        0.00


   1  743029736369 DONE (ALL ROWS)                     4frzha4nx7b8t    16777228 2026-09-21 12:07:48        0.00        0.00                0        0.00


   1  730144834482 DONE (ALL ROWS)                     4frzha4nx7b8t    16777228 2026-09-21 12:07:48        0.00        0.00                0        0.00


Inst           Key Status              Username        SQL ID            Exec ID Start Time            Elapsed S       CPU S         Buf Gets     Read MB
---- ------------- ------------------- --------------- ------------- ----------- ------------------- ----------- ----------- ---------------- -----------
SQL Text
--------------------------------------------------

   1  347892745135 DONE (ALL ROWS)                     4frzha4nx7b8t    16777228 2026-09-21 12:07:48        0.00        0.00                0        0.00


   1  335007843246 DONE (ALL ROWS)                     4frzha4nx7b8t    16777228 2026-09-21 12:07:48        0.00        0.00                0        0.00


   1  188978955188 DONE (ALL ROWS)     SQLTEST         4frzha4nx7b8t    16777228 2026-09-21 12:07:48        0.01        0.01                3        0.00
SELECT /*+ PARALLEL */ count(*) FROM "SQLTEST"."SY

   1  695785096105 DONE (ALL ROWS)                     3b6ns51tsd038    16777230 2026-09-21 12:07:42        0.00        0.00               94        0.00


   1  695785096103 DONE (ALL ROWS)                     3b6ns51tsd038    16777230 2026-09-21 12:07:42        0.07        0.07            4,133        0.00


   1  481036731306 DONE (ALL ROWS)                     3b6ns51tsd038    16777230 2026-09-21 12:07:42        0.00        0.00                0        0.00


   1  481036731304 DONE (ALL ROWS)                     3b6ns51tsd038    16777230 2026-09-21 12:07:42        0.11        0.11            4,050        0.00


   1  352187712427 DONE (ALL ROWS)     SQLTEST         3b6ns51tsd038    16777230 2026-09-21 12:07:42        0.06        0.06            3,849        0.00
WITH fk AS (

   1  811749213093 DONE (ALL ROWS)                     11xwc8jsxp3hv    16777230 2026-09-21 12:07:41        0.14        0.14            4,174        0.00


   1  811749213091 DONE (ALL ROWS)                     11xwc8jsxp3hv    16777230 2026-09-21 12:07:41        0.00        0.00                0        0.00


   1  764504572836 DONE (ALL ROWS)                     11xwc8jsxp3hv    16777230 2026-09-21 12:07:41        0.07        0.07            3,418        0.00


   1  764504572834 DONE (ALL ROWS)                     11xwc8jsxp3hv    16777230 2026-09-21 12:07:41        0.00        0.00                0        0.00


   1  141734314918 DONE (ALL ROWS)     SQLTEST         11xwc8jsxp3hv    16777230 2026-09-21 12:07:41        0.16        0.15            4,031        0.00
WITH fk_cols AS (

   1 ############# DONE (ALL ROWS)     SQLTEST         8ravu0fxfq4c3    16777247 2026-09-21 12:07:39        0.01        0.01                0        0.00
WITH constraint_columns AS (

   1  820339147670 DONE (ALL ROWS)                     8ravu0fxfq4c3    16777247 2026-09-21 12:07:39        0.00        0.00               26        0.00


   1  820339147668 DONE (ALL ROWS)                     8ravu0fxfq4c3    16777247 2026-09-21 12:07:39        0.00        0.00                0        0.00


   1  712964965269 DONE (ALL ROWS)                     8ravu0fxfq4c3    16777247 2026-09-21 12:07:39        0.00        0.00               26        0.00


   1  712964965267 DONE (ALL ROWS)                     8ravu0fxfq4c3    16777247 2026-09-21 12:07:39        0.00        0.00                0        0.00


   1  695785096096 DONE (ALL ROWS)                     01uqyjyb7xctb    16777243 2026-09-21 12:07:39        0.00        0.00                0        0.00


   1  695785096094 DONE (ALL ROWS)                     01uqyjyb7xctb    16777243 2026-09-21 12:07:39        0.00        0.00                0        0.00


   1  566936077212 DONE (ALL ROWS)     SQLTEST         famw2p0jmuky9    16777243 2026-09-21 12:07:39        0.01        0.00                0        0.00
WITH fk_columns AS (

   1  373662548890 DONE (ALL ROWS)                     famw2p0jmuky9    16777243 2026-09-21 12:07:39        0.00        0.00                0        0.00


   1  373662548888 DONE (ALL ROWS)                     famw2p0jmuky9    16777243 2026-09-21 12:07:39        0.00        0.00               26        0.00


   1  352187712417 DONE (ALL ROWS)     SQLTEST         01uqyjyb7xctb    16777243 2026-09-21 12:07:39        0.07        0.06            3,608        0.00
WITH inbound_keys AS (

   1  317827974043 DONE (ALL ROWS)                     famw2p0jmuky9    16777243 2026-09-21 12:07:39        0.00        0.00                0        0.00


   1  317827974041 DONE (ALL ROWS)                     famw2p0jmuky9    16777243 2026-09-21 12:07:39        0.00        0.00               26        0.00


   1  236223595423 DONE (ALL ROWS)                     01uqyjyb7xctb    16777243 2026-09-21 12:07:39        0.00        0.00                0        0.00


   1  236223595421 DONE (ALL ROWS)                     01uqyjyb7xctb    16777243 2026-09-21 12:07:39        0.00        0.00                0        0.00


   1  944893199240 DONE (ALL ROWS)     SQLTEST         8ravu0fxfq4c3    16777246 2026-09-21 12:07:38        0.01        0.01                0        0.00
WITH constraint_columns AS (

   1  863288820625 DONE (ALL ROWS)                     01uqyjyb7xctb    16777242 2026-09-21 12:07:38        0.00        0.00                0        0.00


   1  863288820623 DONE (ALL ROWS)                     01uqyjyb7xctb    16777242 2026-09-21 12:07:38        0.00        0.00               44        0.00


   1  794569343885 DONE (ALL ROWS)     SQLTEST         famw2p0jmuky9    16777242 2026-09-21 12:07:38        0.00        0.00                0        0.00

Inst           Key Status              Username        SQL ID            Exec ID Start Time            Elapsed S       CPU S         Buf Gets     Read MB
---- ------------- ------------------- --------------- ------------- ----------- ------------------- ----------- ----------- ---------------- -----------
SQL Text
--------------------------------------------------
WITH fk_columns AS (

   1  519691436944 DONE (ALL ROWS)                     01uqyjyb7xctb    16777242 2026-09-21 12:07:38        0.00        0.00                0        0.00


   1  519691436942 DONE (ALL ROWS)                     01uqyjyb7xctb    16777242 2026-09-21 12:07:38        0.00        0.00               26        0.00


   1  399432352651 DONE (ALL ROWS)                     famw2p0jmuky9    16777242 2026-09-21 12:07:38        0.15        0.14            4,174        0.00


   1  399432352649 DONE (ALL ROWS)                     famw2p0jmuky9    16777242 2026-09-21 12:07:38        0.00        0.00               26        0.00


   1  390842418066 DONE (ALL ROWS)     SQLTEST         01uqyjyb7xctb    16777242 2026-09-21 12:07:38        0.06        0.05            3,678        0.00
WITH inbound_keys AS (

   1  240518562694 DONE (ALL ROWS)                     8ravu0fxfq4c3    16777246 2026-09-21 12:07:38        0.00        0.00               26        0.00


   1  240518562692 DONE (ALL ROWS)                     8ravu0fxfq4c3    16777246 2026-09-21 12:07:38        0.00        0.00                0        0.00


   1  141734314892 DONE (ALL ROWS)                     famw2p0jmuky9    16777242 2026-09-21 12:07:38        0.07        0.07            3,418        0.00


   1  141734314890 DONE (ALL ROWS)                     famw2p0jmuky9    16777242 2026-09-21 12:07:38        0.00        0.00               88        0.00


   1   30065165191 DONE (ALL ROWS)                     8ravu0fxfq4c3    16777246 2026-09-21 12:07:38        0.00        0.00              224        0.00


   1   30065165189 DONE (ALL ROWS)                     8ravu0fxfq4c3    16777246 2026-09-21 12:07:38        0.00        0.00                0        0.00


   1  523986404225 DONE (ALL ROWS)                     7wj2qd0ygpzdd    16777228 2026-09-21 12:07:33        0.00        0.00               26        0.00


   1  523986404223 DONE (ALL ROWS)                     7wj2qd0ygpzdd    16777228 2026-09-21 12:07:33        0.00        0.00                0        0.00


   1  412317254531 DONE (ALL ROWS)     SQLTEST         7wj2qd0ygpzdd    16777228 2026-09-21 12:07:33        0.01        0.01                0        0.00
SELECT OWNER, TABLE_NAME, CONSTRAINT_NAME, CONSTRA

   1  300648104834 DONE (ALL ROWS)                     7wj2qd0ygpzdd    16777228 2026-09-21 12:07:33        0.00        0.00               45        0.00


   1  300648104832 DONE (ALL ROWS)                     7wj2qd0ygpzdd    16777228 2026-09-21 12:07:33        0.00        0.00                0        0.00


   1  257698431870 DONE (ALL ROWS)     SQLTEST         5x78g1ccnndpm    16777229 2026-09-21 12:07:24        7.74        7.53           39,178      223.54
SELECT

   1  914828428155 DONE (ALL ROWS)                     9rgx0fpugqjvj    16777231 2026-09-21 12:07:21        0.00        0.00                1        0.00


   1  403727319933 DONE (ALL ROWS)     SQLTEST         9rgx0fpugqjvj    16777231 2026-09-21 12:07:21        0.01        0.01                0        0.00
SELECT

   1  249108497276 DONE (ALL ROWS)                     9rgx0fpugqjvj    16777231 2026-09-21 12:07:21        0.00        0.00                5        0.00


   1 ############# DONE (ALL ROWS)                     62vmfw8u2uu4u    16777226 2026-09-21 12:06:36        0.00        0.00               17        0.00


   1 ############# DONE (ALL ROWS)                     62vmfw8u2uu4u    16777226 2026-09-21 12:06:36        0.00        0.00                0        0.00


   1 ############# DONE (ALL ROWS)                     62vmfw8u2uu4u    16777226 2026-09-21 12:06:36        0.00        0.00               18        0.00


   1 ############# DONE (ALL ROWS)                     62vmfw8u2uu4u    16777226 2026-09-21 12:06:36        0.00        0.00                0        0.00


   1  180389020538 DONE (ALL ROWS)     SQLTEST         62vmfw8u2uu4u    16777226 2026-09-21 12:06:36        0.01        0.01                0        0.00
SELECT

   1  708669997939 DONE (ALL ROWS)                     76zaaknd2wm3m    16777227 2026-09-21 12:06:34        0.00        0.00                0        0.00


   1  708669997937 DONE (ALL ROWS)                     76zaaknd2wm3m    16777227 2026-09-21 12:06:34        0.02        0.02            1,538        0.00


   1  287763202933 DONE (ALL ROWS)     SQLTEST         76zaaknd2wm3m    16777227 2026-09-21 12:06:34        0.08        0.07            1,326        0.00
SELECT

   1  223338693492 DONE (ALL ROWS)                     76zaaknd2wm3m    16777227 2026-09-21 12:06:34        0.00        0.00                0        0.00


   1  223338693490 DONE (ALL ROWS)                     76zaaknd2wm3m    16777227 2026-09-21 12:06:34        0.03        0.03            1,690        0.00


   1  889058624365 DONE (ALL ROWS)                     9jhpr5m34rzcj    16777218 2026-09-21 12:06:30        0.00        0.00                0        0.00



Inst           Key Status              Username        SQL ID            Exec ID Start Time            Elapsed S       CPU S         Buf Gets     Read MB
---- ------------- ------------------- --------------- ------------- ----------- ------------------- ----------- ----------- ---------------- -----------
SQL Text
--------------------------------------------------
   1  889058624363 DONE (ALL ROWS)                     9jhpr5m34rzcj    16777218 2026-09-21 12:06:30        0.03        0.03              728        0.00


   1  816044180335 DONE (ALL ROWS)     SQLTEST         9jhpr5m34rzcj    16777218 2026-09-21 12:06:30        0.01        0.01                0        0.00
SELECT

   1  588410913648 DONE (ALL ROWS)     SQLTEST         7q1p6hbvktkmc    16777218 2026-09-21 12:06:30        0.00        0.00                0        0.00
SELECT /*+ MONITOR WS_MONITOR_SEED */ count(*) FRO

   1  554051175278 DONE (ALL ROWS)                     9jhpr5m34rzcj    16777218 2026-09-21 12:06:30        0.00        0.00                0        0.00


   1  554051175276 DONE (ALL ROWS)                     9jhpr5m34rzcj    16777218 2026-09-21 12:06:30        0.00        0.00              102        0.00


   1  953483133798 DONE (ALL ROWS)                     4frzha4nx7b8t    16777227 2026-09-21 12:06:15        0.00        0.00                0        0.00


   1  949188166505 DONE (ALL ROWS)                     4frzha4nx7b8t    16777227 2026-09-21 12:06:15        0.00        0.00                0        0.00


   1  923418362728 DONE (ALL ROWS)                     4frzha4nx7b8t    16777227 2026-09-21 12:06:15        0.00        0.00                0        0.00


   1  704375030629 DONE (ALL ROWS)                     4frzha4nx7b8t    16777227 2026-09-21 12:06:15        0.00        0.00                0        0.00


   1  639950521188 DONE (ALL ROWS)                     4frzha4nx7b8t    16777227 2026-09-21 12:06:15        0.00        0.00                0        0.00


   1  622770652010 DONE (ALL ROWS)     SQLTEST         4frzha4nx7b8t    16777227 2026-09-21 12:06:15        0.01        0.01                3        0.00
SELECT /*+ PARALLEL */ count(*) FROM "SQLTEST"."SY

   1  536871306083 DONE (ALL ROWS)                     4frzha4nx7b8t    16777227 2026-09-21 12:06:15        0.00        0.00                0        0.00


   1  476741763938 DONE (ALL ROWS)                     4frzha4nx7b8t    16777227 2026-09-21 12:06:15        0.00        0.00                3        0.00


   1  450971960167 DONE (ALL ROWS)                     4frzha4nx7b8t    16777227 2026-09-21 12:06:15        0.00        0.00                0        0.00


   1 ############# DONE (ALL ROWS)     SQLTEST         11xwc8jsxp3hv    16777229 2026-09-21 12:06:08        0.12        0.11            4,031        0.00
WITH fk_cols AS (

   1 ############# DONE (ALL ROWS)                     11xwc8jsxp3hv    16777229 2026-09-21 12:06:08        0.06        0.06            3,418        0.00


   1 ############# DONE (ALL ROWS)                     11xwc8jsxp3hv    16777229 2026-09-21 12:06:08        0.00        0.00                0        0.00


   1  957778101087 DONE (ALL ROWS)                     3b6ns51tsd038    16777229 2026-09-21 12:06:08        0.00        0.00               94        0.00


   1  957778101085 DONE (ALL ROWS)                     3b6ns51tsd038    16777229 2026-09-21 12:06:08        0.06        0.06            4,133        0.00


   1  798864311136 DONE (ALL ROWS)                     3b6ns51tsd038    16777229 2026-09-21 12:06:08        0.00        0.00                0        0.00


   1  798864311134 DONE (ALL ROWS)                     3b6ns51tsd038    16777229 2026-09-21 12:06:08        0.10        0.10            4,050        0.00


   1  352187712353 DONE (ALL ROWS)     SQLTEST         3b6ns51tsd038    16777229 2026-09-21 12:06:08        0.05        0.05            3,849        0.00
WITH fk AS (

   1  219043726171 DONE (ALL ROWS)                     11xwc8jsxp3hv    16777229 2026-09-21 12:06:08        0.12        0.12            4,175        0.00


   1  219043726169 DONE (ALL ROWS)                     11xwc8jsxp3hv    16777229 2026-09-21 12:06:08        0.00        0.00                0        0.00


   1  970663002967 DONE (ALL ROWS)     SQLTEST         01uqyjyb7xctb    16777241 2026-09-21 12:06:05        0.06        0.05            3,608        0.00
WITH inbound_keys AS (

   1  923418362701 DONE (ALL ROWS)     SQLTEST         8ravu0fxfq4c3    16777245 2026-09-21 12:06:05        0.01        0.01                0        0.00
WITH constraint_columns AS (

   1  914828428114 DONE (ALL ROWS)     SQLTEST         famw2p0jmuky9    16777241 2026-09-21 12:06:05        0.00        0.00                0        0.00
WITH fk_columns AS (

   1  708669997904 DONE (ALL ROWS)                     famw2p0jmuky9    16777241 2026-09-21 12:06:05        0.00        0.00                0        0.00


   1  708669997902 DONE (ALL ROWS)                     famw2p0jmuky9    16777241 2026-09-21 12:06:05        0.00        0.00               26        0.00


   1  631360586566 DONE (ALL ROWS)                     01uqyjyb7xctb    16777240 2026-09-21 12:06:05        0.00        0.00                0        0.00


   1  631360586564 DONE (ALL ROWS)                     01uqyjyb7xctb    16777240 2026-09-21 12:06:05        0.00        0.00               26        0.00


   1  498216600395 DONE (ALL ROWS)                     8ravu0fxfq4c3    16777245 2026-09-21 12:06:05        0.00        0.00               26        0.00


Inst           Key Status              Username        SQL ID            Exec ID Start Time            Elapsed S       CPU S         Buf Gets     Read MB
---- ------------- ------------------- --------------- ------------- ----------- ------------------- ----------- ----------- ---------------- -----------
SQL Text
--------------------------------------------------

   1  498216600393 DONE (ALL ROWS)                     8ravu0fxfq4c3    16777245 2026-09-21 12:06:05        0.00        0.00                0        0.00


   1  489626665813 DONE (ALL ROWS)                     01uqyjyb7xctb    16777241 2026-09-21 12:06:05        0.00        0.00                0        0.00


   1  489626665811 DONE (ALL ROWS)                     01uqyjyb7xctb    16777241 2026-09-21 12:06:05        0.00        0.00                0        0.00


   1  476741763926 DONE (ALL ROWS)                     01uqyjyb7xctb    16777241 2026-09-21 12:06:05        0.00        0.00                0        0.00


   1  476741763924 DONE (ALL ROWS)                     01uqyjyb7xctb    16777241 2026-09-21 12:06:05        0.00        0.00                0        0.00


   1  292058170188 DONE (ALL ROWS)                     8ravu0fxfq4c3    16777245 2026-09-21 12:06:05        0.00        0.00               26        0.00


   1  292058170186 DONE (ALL ROWS)                     8ravu0fxfq4c3    16777245 2026-09-21 12:06:05        0.00        0.00                0        0.00


   1  176094053192 DONE (ALL ROWS)     SQLTEST         01uqyjyb7xctb    16777240 2026-09-21 12:06:05        0.07        0.06            3,678        0.00
WITH inbound_keys AS (

   1  120259478353 DONE (ALL ROWS)                     famw2p0jmuky9    16777241 2026-09-21 12:06:05        0.00        0.00                0        0.00


   1  120259478351 DONE (ALL ROWS)                     famw2p0jmuky9    16777241 2026-09-21 12:06:05        0.00        0.00               26        0.00


   1   21475230535 DONE (ALL ROWS)                     01uqyjyb7xctb    16777240 2026-09-21 12:06:05        0.00        0.00                0        0.00


   1   21475230533 DONE (ALL ROWS)                     01uqyjyb7xctb    16777240 2026-09-21 12:06:05        0.00        0.00               44        0.00


   1 ############# DONE (ALL ROWS)                     8ravu0fxfq4c3    16777244 2026-09-21 12:06:04        0.00        0.00               26        0.00


   1 ############# DONE (ALL ROWS)                     8ravu0fxfq4c3    16777244 2026-09-21 12:06:04        0.00        0.00                0        0.00


   1 ############# DONE (ALL ROWS)                     famw2p0jmuky9    16777240 2026-09-21 12:06:04        0.14        0.14            4,175        0.00


   1 ############# DONE (ALL ROWS)                     famw2p0jmuky9    16777240 2026-09-21 12:06:04        0.00        0.00               88        0.00


   1  992137839422 DONE (ALL ROWS)     SQLTEST         8ravu0fxfq4c3    16777244 2026-09-21 12:06:04        0.01        0.01                0        0.00
WITH constraint_columns AS (

   1  511101502269 DONE (ALL ROWS)                     8ravu0fxfq4c3    16777244 2026-09-21 12:06:04        0.00        0.00              224        0.00


   1  511101502267 DONE (ALL ROWS)                     8ravu0fxfq4c3    16777244 2026-09-21 12:06:04        0.00        0.00                0        0.00


   1  103079609155 DONE (ALL ROWS)     SQLTEST         famw2p0jmuky9    16777240 2026-09-21 12:06:04        0.01        0.00                0        0.00
WITH fk_columns AS (

   1   47245034305 DONE (ALL ROWS)                     famw2p0jmuky9    16777240 2026-09-21 12:06:04        0.06        0.06            3,418        0.00


   1   47245034303 DONE (ALL ROWS)                     famw2p0jmuky9    16777240 2026-09-21 12:06:04        0.00        0.00               26        0.00


   1  811749212983 DONE (ALL ROWS)                     7wj2qd0ygpzdd    16777227 2026-09-21 12:06:00        0.00        0.00               26        0.00


   1  811749212981 DONE (ALL ROWS)                     7wj2qd0ygpzdd    16777227 2026-09-21 12:06:00        0.00        0.00                0        0.00


   1  369367581496 DONE (ALL ROWS)                     7wj2qd0ygpzdd    16777227 2026-09-21 12:06:00        0.00        0.00               45        0.00


   1  369367581494 DONE (ALL ROWS)                     7wj2qd0ygpzdd    16777227 2026-09-21 12:06:00        0.00        0.00                0        0.00


   1  240518562617 DONE (ALL ROWS)     SQLTEST         7wj2qd0ygpzdd    16777227 2026-09-21 12:06:00        0.01        0.01                0        0.00
SELECT OWNER, TABLE_NAME, CONSTRAINT_NAME, CONSTRA

   1  566936077108 DONE (ALL ROWS)     SQLTEST         5x78g1ccnndpm    16777228 2026-09-21 12:05:51        7.38        7.20           39,196      224.75
SELECT

   1 ############# DONE (ALL ROWS)     SQLTEST         9rgx0fpugqjvj    16777230 2026-09-21 12:05:48        0.01        0.01                0        0.00
SELECT

   1  803159278386 DONE (ALL ROWS)                     9rgx0fpugqjvj    16777230 2026-09-21 12:05:48        0.00        0.00                5        0.00


   1  579820978993 DONE (ALL ROWS)                     9rgx0fpugqjvj    16777230 2026-09-21 12:05:48        0.00        0.00                1        0.00


   1  790274376495 DONE (ALL ROWS)                     62vmfw8u2uu4u    16777225 2026-09-21 12:05:28        0.00        0.00               18        0.00

Inst           Key Status              Username        SQL ID            Exec ID Start Time            Elapsed S       CPU S         Buf Gets     Read MB
---- ------------- ------------------- --------------- ------------- ----------- ------------------- ----------- ----------- ---------------- -----------
SQL Text
--------------------------------------------------


   1  790274376493 DONE (ALL ROWS)                     62vmfw8u2uu4u    16777225 2026-09-21 12:05:28        0.00        0.00                0        0.00


   1  167504118576 DONE (ALL ROWS)     SQLTEST         62vmfw8u2uu4u    16777225 2026-09-21 12:05:28        0.01        0.01                0        0.00
SELECT

   1  141734314798 DONE (ALL ROWS)                     62vmfw8u2uu4u    16777225 2026-09-21 12:05:28        0.00        0.00               17        0.00


   1  141734314796 DONE (ALL ROWS)                     62vmfw8u2uu4u    16777225 2026-09-21 12:05:28        0.00        0.00                0        0.00


   1  631360586539 DONE (ALL ROWS)     SQLTEST         62vmfw8u2uu4u    16777224 2026-09-21 12:05:14        0.01        0.01                0        0.00
SELECT

   1  399432352554 DONE (ALL ROWS)                     62vmfw8u2uu4u    16777224 2026-09-21 12:05:14        0.00        0.00               18        0.00


   1  399432352552 DONE (ALL ROWS)                     62vmfw8u2uu4u    16777224 2026-09-21 12:05:14        0.00        0.00                0        0.00


   1  107374576425 DONE (ALL ROWS)                     62vmfw8u2uu4u    16777224 2026-09-21 12:05:14        0.00        0.00               17        0.00


   1  107374576423 DONE (ALL ROWS)                     62vmfw8u2uu4u    16777224 2026-09-21 12:05:14        0.00        0.00                0        0.00


   1 ############# DONE (ALL ROWS)                     62vmfw8u2uu4u    16777223 2026-09-21 12:05:02        0.00        0.00               17        0.00


   1 ############# DONE (ALL ROWS)                     62vmfw8u2uu4u    16777223 2026-09-21 12:05:02        0.00        0.00                0        0.00


   1 ############# DONE (ALL ROWS)                     62vmfw8u2uu4u    16777223 2026-09-21 12:05:02        0.00        0.00               18        0.00


   1 ############# DONE (ALL ROWS)                     62vmfw8u2uu4u    16777223 2026-09-21 12:05:02        0.00        0.00                0        0.00


   1  403727319846 DONE (ALL ROWS)     SQLTEST         62vmfw8u2uu4u    16777223 2026-09-21 12:05:02        0.01        0.01                0        0.00
SELECT

   1  932008297248 DONE (ALL ROWS)                     9jhpr5m34rzcj    16777217 2026-09-21 12:04:38        0.00        0.00                0        0.00


   1  932008297246 DONE (ALL ROWS)                     9jhpr5m34rzcj    16777217 2026-09-21 12:04:38        0.00        0.00                0        0.00


   1  614180717340 DONE (ALL ROWS)     SQLTEST         7q1p6hbvktkmc    16777217 2026-09-21 12:04:38        0.00        0.00                0        0.00
SELECT /*+ MONITOR WS_MONITOR_SEED */ count(*) FRO

   1  489626665761 DONE (ALL ROWS)     SQLTEST         9jhpr5m34rzcj    16777217 2026-09-21 12:04:38        0.02        0.02                0        0.00
SELECT

   1   42950066975 DONE (ALL ROWS)                     9jhpr5m34rzcj    16777217 2026-09-21 12:04:38        0.00        0.00                0        0.00


   1   42950066973 DONE (ALL ROWS)                     9jhpr5m34rzcj    16777217 2026-09-21 12:04:38        0.03        0.03              728        0.00


   1  631360586521 DONE (ALL ROWS)                     9jhpr5m34rzcj    16777216 2026-09-21 12:04:12        0.00        0.00                0        0.00


   1  631360586519 DONE (ALL ROWS)                     9jhpr5m34rzcj    16777216 2026-09-21 12:04:12        0.04        0.04              734        0.00


   1  270583333658 DONE (ALL ROWS)                     9jhpr5m34rzcj    16777216 2026-09-21 12:04:12        0.00        0.00                0        0.00


   1  270583333656 DONE (ALL ROWS)                     9jhpr5m34rzcj    16777216 2026-09-21 12:04:12        0.03        0.02              131        0.00


   1  184683987739 DONE (ALL ROWS)     SQLTEST         9jhpr5m34rzcj    16777216 2026-09-21 12:04:12        0.02        0.01                0        0.00
SELECT

   1   81604772630 DONE (ALL ROWS)     SQLTEST         7q1p6hbvktkmc    16777216 2026-09-21 12:04:12        0.00        0.00                0        0.00
SELECT /*+ MONITOR WS_MONITOR_SEED */ count(*) FRO

   1 ############# DONE (ALL ROWS)     SQLTEST         62vmfw8u2uu4u    16777222 2026-09-21 12:04:01        0.02        0.01                0        0.00
SELECT

   1  390842417940 DONE (ALL ROWS)                     62vmfw8u2uu4u    16777222 2026-09-21 12:04:01        0.00        0.00               18        0.00


   1  390842417938 DONE (ALL ROWS)                     62vmfw8u2uu4u    16777222 2026-09-21 12:04:01        0.00        0.00                0        0.00


   1  335007843091 DONE (ALL ROWS)                     62vmfw8u2uu4u    16777222 2026-09-21 12:04:01        0.00        0.00               17        0.00


   1  335007843089 DONE (ALL ROWS)                     62vmfw8u2uu4u    16777222 2026-09-21 12:04:01        0.00        0.00                0        0.00



Inst           Key Status              Username        SQL ID            Exec ID Start Time            Elapsed S       CPU S         Buf Gets     Read MB
---- ------------- ------------------- --------------- ------------- ----------- ------------------- ----------- ----------- ---------------- -----------
SQL Text
--------------------------------------------------
   1  644245488400 DONE (ALL ROWS)     SQLTEST         62vmfw8u2uu4u    16777221 2026-09-21 12:03:44        0.01        0.01                0        0.00
SELECT

   1  429497123599 DONE (ALL ROWS)                     62vmfw8u2uu4u    16777221 2026-09-21 12:03:44        0.00        0.00               18        0.00


   1  429497123597 DONE (ALL ROWS)                     62vmfw8u2uu4u    16777221 2026-09-21 12:03:44        0.00        0.00                0        0.00


   1  253403464462 DONE (ALL ROWS)                     62vmfw8u2uu4u    16777221 2026-09-21 12:03:44        0.00        0.00               17        0.00


   1  253403464460 DONE (ALL ROWS)                     62vmfw8u2uu4u    16777221 2026-09-21 12:03:44        0.00        0.00                0        0.00


   1  408022287114 DONE (ALL ROWS)                     62vmfw8u2uu4u    16777220 2026-09-21 12:03:39        0.00        0.00               18        0.00


   1  408022287112 DONE (ALL ROWS)                     62vmfw8u2uu4u    16777220 2026-09-21 12:03:39        0.00        0.00                0        0.00


   1  399432352523 DONE (ALL ROWS)     SQLTEST         62vmfw8u2uu4u    16777220 2026-09-21 12:03:39        0.01        0.01                0        0.00
SELECT

   1  231928627977 DONE (ALL ROWS)                     62vmfw8u2uu4u    16777220 2026-09-21 12:03:39        0.00        0.00               17        0.00


   1  231928627975 DONE (ALL ROWS)                     62vmfw8u2uu4u    16777220 2026-09-21 12:03:39        0.00        0.00                0        0.00


   1  897648558853 DONE (ALL ROWS)                     76zaaknd2wm3m    16777226 2026-09-21 12:03:36        0.00        0.00                0        0.00


   1  897648558851 DONE (ALL ROWS)                     76zaaknd2wm3m    16777226 2026-09-21 12:03:36        0.03        0.03            1,538        0.00


   1  807454245638 DONE (ALL ROWS)     SQLTEST         76zaaknd2wm3m    16777226 2026-09-21 12:03:36        0.08        0.07            1,326        0.00
SELECT

   1  386547450628 DONE (ALL ROWS)                     76zaaknd2wm3m    16777226 2026-09-21 12:03:36        0.00        0.00                0        0.00


   1  386547450626 DONE (ALL ROWS)                     76zaaknd2wm3m    16777226 2026-09-21 12:03:36        0.04        0.04            1,690        0.00


   1 ############# DONE (ALL ROWS)                     4frzha4nx7b8t    16777226 2026-09-21 12:03:17        0.00        0.00                0        0.00


   1  889058624250 DONE (ALL ROWS)                     4frzha4nx7b8t    16777226 2026-09-21 12:03:17        0.00        0.00                0        0.00


   1  828929082109 DONE (ALL ROWS)                     4frzha4nx7b8t    16777226 2026-09-21 12:03:17        0.00        0.00                0        0.00


   1  781684441849 DONE (ALL ROWS)                     4frzha4nx7b8t    16777226 2026-09-21 12:03:17        0.00        0.00                3        0.00


   1  755914638079 DONE (ALL ROWS)                     4frzha4nx7b8t    16777226 2026-09-21 12:03:17        0.00        0.00                0        0.00


   1  678605226750 DONE (ALL ROWS)                     4frzha4nx7b8t    16777226 2026-09-21 12:03:17        0.00        0.00                0        0.00


   1  597000848124 DONE (ALL ROWS)                     4frzha4nx7b8t    16777226 2026-09-21 12:03:17        0.00        0.00                0        0.00


   1  575526011649 DONE (ALL ROWS)     SQLTEST         4frzha4nx7b8t    16777226 2026-09-21 12:03:17        0.02        0.01                3        0.00
SELECT /*+ PARALLEL */ count(*) FROM "SQLTEST"."SY

   1  343597777664 DONE (ALL ROWS)                     4frzha4nx7b8t    16777226 2026-09-21 12:03:17        0.00        0.00                0        0.00


   1  850403918584 DONE (ALL ROWS)     SQLTEST         62vmfw8u2uu4u    16777219 2026-09-21 12:03:12        0.02        0.01                0        0.00
SELECT

   1  347892744951 DONE (ALL ROWS)                     62vmfw8u2uu4u    16777219 2026-09-21 12:03:12        0.00        0.00               18        0.00


   1  347892744950 DONE (ALL ROWS)                     62vmfw8u2uu4u    16777219 2026-09-21 12:03:12        0.00        0.00               17        0.00


   1  347892744949 DONE (ALL ROWS)                     62vmfw8u2uu4u    16777219 2026-09-21 12:03:12        0.00        0.00                0        0.00


   1  347892744948 DONE (ALL ROWS)                     62vmfw8u2uu4u    16777219 2026-09-21 12:03:12        0.00        0.00                0        0.00


   1  987842872044 DONE (ALL ROWS)                     11xwc8jsxp3hv    16777228 2026-09-21 12:03:11        0.07        0.07            3,418        0.00


   1  987842872042 DONE (ALL ROWS)                     11xwc8jsxp3hv    16777228 2026-09-21 12:03:11        0.00        0.00                0        0.00


   1  691490128622 DONE (ALL ROWS)     SQLTEST         11xwc8jsxp3hv    16777228 2026-09-21 12:03:11        0.13        0.13            4,031        0.00
WITH fk_cols AS (

Inst           Key Status              Username        SQL ID            Exec ID Start Time            Elapsed S       CPU S         Buf Gets     Read MB
---- ------------- ------------------- --------------- ------------- ----------- ------------------- ----------- ----------- ---------------- -----------
SQL Text
--------------------------------------------------

   1  678605226739 DONE (ALL ROWS)     SQLTEST         3b6ns51tsd038    16777228 2026-09-21 12:03:11        0.07        0.06            3,849        0.00
WITH fk AS (

   1  678605226733 DONE (ALL ROWS)                     11xwc8jsxp3hv    16777228 2026-09-21 12:03:11        0.14        0.13            4,176        0.00


   1  678605226731 DONE (ALL ROWS)                     11xwc8jsxp3hv    16777228 2026-09-21 12:03:11        0.00        0.00                0        0.00


   1  519691436785 DONE (ALL ROWS)                     3b6ns51tsd038    16777228 2026-09-21 12:03:11        0.00        0.00               94        0.00


   1  519691436783 DONE (ALL ROWS)                     3b6ns51tsd038    16777228 2026-09-21 12:03:11        0.08        0.08            4,133        0.00


   1  377957516018 DONE (ALL ROWS)                     3b6ns51tsd038    16777228 2026-09-21 12:03:11        0.00        0.00                0        0.00


   1  377957516016 DONE (ALL ROWS)                     3b6ns51tsd038    16777228 2026-09-21 12:03:11        0.12        0.12            4,050        0.00


   1  884763656936 DONE (ALL ROWS)                     76zaaknd2wm3m    16777225 2026-09-21 12:03:09        0.04        0.04            1,690        0.00


   1  884763656934 DONE (ALL ROWS)                     76zaaknd2wm3m    16777225 2026-09-21 12:03:09        0.00        0.00                0        0.00


   1  657130390247 DONE (ALL ROWS)                     76zaaknd2wm3m    16777225 2026-09-21 12:03:09        0.03        0.03            1,538        0.00


   1  657130390245 DONE (ALL ROWS)                     76zaaknd2wm3m    16777225 2026-09-21 12:03:09        0.00        0.00                0        0.00


   1  317827973865 DONE (ALL ROWS)     SQLTEST         76zaaknd2wm3m    16777225 2026-09-21 12:03:09        0.08        0.08            1,330        0.00
SELECT

   1 ############# DONE (ALL ROWS)                     01uqyjyb7xctb    16777239 2026-09-21 12:03:08        0.00        0.00                0        0.00


   1 ############# DONE (ALL ROWS)                     01uqyjyb7xctb    16777239 2026-09-21 12:03:08        0.00        0.00                0        0.00


   1  944893199075 DONE (ALL ROWS)                     01uqyjyb7xctb    16777239 2026-09-21 12:03:08        0.00        0.00                0        0.00


   1  944893199073 DONE (ALL ROWS)                     01uqyjyb7xctb    16777239 2026-09-21 12:03:08        0.00        0.00                0        0.00


   1  837519016666 DONE (ALL ROWS)     SQLTEST         8ravu0fxfq4c3    16777243 2026-09-21 12:03:08        0.01        0.01                0        0.00
WITH constraint_columns AS (

   1  390842417887 DONE (ALL ROWS)     SQLTEST         famw2p0jmuky9    16777239 2026-09-21 12:03:08        0.01        0.00                0        0.00
WITH fk_columns AS (

   1  352187712216 DONE (ALL ROWS)                     8ravu0fxfq4c3    16777243 2026-09-21 12:03:08        0.00        0.00               26        0.00


   1  352187712214 DONE (ALL ROWS)                     8ravu0fxfq4c3    16777243 2026-09-21 12:03:08        0.00        0.00                0        0.00


   1  287763202788 DONE (ALL ROWS)     SQLTEST         01uqyjyb7xctb    16777239 2026-09-21 12:03:08        0.07        0.06            3,608        0.00
WITH inbound_keys AS (

   1  171799085789 DONE (ALL ROWS)                     famw2p0jmuky9    16777239 2026-09-21 12:03:08        0.00        0.00                0        0.00


   1  171799085787 DONE (ALL ROWS)                     famw2p0jmuky9    16777239 2026-09-21 12:03:08        0.00        0.00               26        0.00


   1   42950066910 DONE (ALL ROWS)                     famw2p0jmuky9    16777239 2026-09-21 12:03:08        0.00        0.00                0        0.00


   1   42950066908 DONE (ALL ROWS)                     famw2p0jmuky9    16777239 2026-09-21 12:03:08        0.00        0.00               26        0.00


   1   38655099609 DONE (ALL ROWS)                     8ravu0fxfq4c3    16777243 2026-09-21 12:03:08        0.00        0.00               26        0.00


   1   38655099607 DONE (ALL ROWS)                     8ravu0fxfq4c3    16777243 2026-09-21 12:03:08        0.00        0.00                0        0.00


   1  970663002837 DONE (ALL ROWS)     SQLTEST         01uqyjyb7xctb    16777238 2026-09-21 12:03:07        0.07        0.06            3,678        0.00
WITH inbound_keys AS (

   1  485331698387 DONE (ALL ROWS)                     01uqyjyb7xctb    16777238 2026-09-21 12:03:07        0.00        0.00                0        0.00


   1  485331698385 DONE (ALL ROWS)                     01uqyjyb7xctb    16777238 2026-09-21 12:03:07        0.00        0.00               70        0.00


   1  313533006548 DONE (ALL ROWS)                     01uqyjyb7xctb    16777238 2026-09-21 12:03:07        0.00        0.00                0        0.00


   1  313533006546 DONE (ALL ROWS)                     01uqyjyb7xctb    16777238 2026-09-21 12:03:07        0.00        0.00                0        0.00

Inst           Key Status              Username        SQL ID            Exec ID Start Time            Elapsed S       CPU S         Buf Gets     Read MB
---- ------------- ------------------- --------------- ------------- ----------- ------------------- ----------- ----------- ---------------- -----------
SQL Text
--------------------------------------------------


   1  987842872009 DONE (ALL ROWS)                     8ravu0fxfq4c3    16777242 2026-09-21 12:03:06        0.00        0.00               26        0.00


   1  987842872007 DONE (ALL ROWS)                     8ravu0fxfq4c3    16777242 2026-09-21 12:03:06        0.00        0.00                0        0.00


   1  940598231760 DONE (ALL ROWS)     SQLTEST         famw2p0jmuky9    16777238 2026-09-21 12:03:06        0.01        0.00                0        0.00
WITH fk_columns AS (

   1  889058624203 DONE (ALL ROWS)     SQLTEST         8ravu0fxfq4c3    16777242 2026-09-21 12:03:06        0.02        0.01                0        0.00
WITH constraint_columns AS (

   1  700080063182 DONE (ALL ROWS)                     famw2p0jmuky9    16777238 2026-09-21 12:03:06        0.09        0.07            3,418        0.00


   1  700080063180 DONE (ALL ROWS)                     famw2p0jmuky9    16777238 2026-09-21 12:03:06        0.00        0.00               26        0.00


   1  575526011599 DONE (ALL ROWS)                     famw2p0jmuky9    16777238 2026-09-21 12:03:06        0.14        0.13            4,176        0.00


   1  575526011597 DONE (ALL ROWS)                     famw2p0jmuky9    16777238 2026-09-21 12:03:06        0.00        0.00               88        0.00


   1  562641109706 DONE (ALL ROWS)                     8ravu0fxfq4c3    16777242 2026-09-21 12:03:06        0.00        0.00              224        0.00


   1  562641109704 DONE (ALL ROWS)                     8ravu0fxfq4c3    16777242 2026-09-21 12:03:06        0.00        0.00                0        0.00


   1 ############# DONE (ALL ROWS)     SQLTEST         7wj2qd0ygpzdd    16777226 2026-09-21 12:03:01        0.01        0.01                0        0.00
SELECT OWNER, TABLE_NAME, CONSTRAINT_NAME, CONSTRA

   1  936303264452 DONE (ALL ROWS)                     7wj2qd0ygpzdd    16777226 2026-09-21 12:03:01        0.00        0.00               26        0.00


   1  936303264450 DONE (ALL ROWS)                     7wj2qd0ygpzdd    16777226 2026-09-21 12:03:01        0.00        0.00                0        0.00


   1  283468235461 DONE (ALL ROWS)                     7wj2qd0ygpzdd    16777226 2026-09-21 12:03:01        0.00        0.00               45        0.00


   1  283468235459 DONE (ALL ROWS)                     7wj2qd0ygpzdd    16777226 2026-09-21 12:03:01        0.00        0.00                0        0.00


   1 ############# DONE (ALL ROWS)     SQLTEST         62vmfw8u2uu4u    16777218 2026-09-21 12:02:59        0.01        0.01                0        0.00
SELECT

   1  639950521023 DONE (ALL ROWS)                     62vmfw8u2uu4u    16777218 2026-09-21 12:02:59        0.00        0.00               17        0.00


   1  639950521021 DONE (ALL ROWS)                     62vmfw8u2uu4u    16777218 2026-09-21 12:02:59        0.00        0.00                0        0.00


   1  399432352448 DONE (ALL ROWS)                     62vmfw8u2uu4u    16777218 2026-09-21 12:02:59        0.00        0.00               18        0.00


   1  399432352446 DONE (ALL ROWS)                     62vmfw8u2uu4u    16777218 2026-09-21 12:02:59        0.00        0.00                0        0.00


   1 ############# DONE (ALL ROWS)                     76zaaknd2wm3m    16777224 2026-09-21 12:02:56        0.03        0.03            1,538        0.00


   1 ############# DONE (ALL ROWS)                     76zaaknd2wm3m    16777224 2026-09-21 12:02:56        0.00        0.00                0        0.00


   1  983547904698 DONE (ALL ROWS)                     76zaaknd2wm3m    16777224 2026-09-21 12:02:56        0.04        0.03            1,692        0.00


   1  983547904696 DONE (ALL ROWS)                     76zaaknd2wm3m    16777224 2026-09-21 12:02:56        0.00        0.00                0        0.00


   1  386547450555 DONE (ALL ROWS)     SQLTEST         76zaaknd2wm3m    16777224 2026-09-21 12:02:56        0.07        0.07            1,333        0.00
SELECT

   1  438087058108 DONE (ALL ROWS)     SQLTEST         5x78g1ccnndpm    16777227 2026-09-21 12:02:51        8.15        6.90           39,313      245.51
SELECT

   1  184683987636 DONE (ALL ROWS)                     9rgx0fpugqjvj    16777229 2026-09-21 12:02:48        0.00        0.00                1        0.00


   1  171799085749 DONE (ALL ROWS)                     9rgx0fpugqjvj    16777229 2026-09-21 12:02:48        0.00        0.00                5        0.00


   1   17180263094 DONE (ALL ROWS)     SQLTEST         9rgx0fpugqjvj    16777229 2026-09-21 12:02:48        0.01        0.01                0        0.00
SELECT

   1  824634114739 DONE (ALL ROWS)     SQLTEST         4frzha4nx7b8t    16777225 2026-09-21 12:02:34        0.01        0.01                3        0.00
SELECT /*+ PARALLEL */ count(*) FROM "SQLTEST"."SY

   1  824634114733 DONE (ALL ROWS)                     4frzha4nx7b8t    16777225 2026-09-21 12:02:34        0.00        0.00                0        0.00



Inst           Key Status              Username        SQL ID            Exec ID Start Time            Elapsed S       CPU S         Buf Gets     Read MB
---- ------------- ------------------- --------------- ------------- ----------- ------------------- ----------- ----------- ---------------- -----------
SQL Text
--------------------------------------------------
   1  674310259377 DONE (ALL ROWS)                     4frzha4nx7b8t    16777225 2026-09-21 12:02:34        0.00        0.00                0        0.00


   1  670015292078 DONE (ALL ROWS)                     4frzha4nx7b8t    16777225 2026-09-21 12:02:34        0.00        0.00                0        0.00


   1  562641109682 DONE (ALL ROWS)                     4frzha4nx7b8t    16777225 2026-09-21 12:02:34        0.00        0.00                0        0.00


   1  459561894575 DONE (ALL ROWS)                     4frzha4nx7b8t    16777225 2026-09-21 12:02:34        0.00        0.00                0        0.00


   1  163209151152 DONE (ALL ROWS)                     4frzha4nx7b8t    16777225 2026-09-21 12:02:34        0.00        0.00                0        0.00


   1 ############# DONE (ALL ROWS)                     4frzha4nx7b8t    16777224 2026-09-21 12:02:14        0.00        0.00                0        0.00


   1  983547904679 DONE (ALL ROWS)                     4frzha4nx7b8t    16777224 2026-09-21 12:02:14        0.00        0.00                0        0.00


   1  876173722280 DONE (ALL ROWS)                     4frzha4nx7b8t    16777224 2026-09-21 12:02:14        0.00        0.00                0        0.00


   1  627065619113 DONE (ALL ROWS)                     4frzha4nx7b8t    16777224 2026-09-21 12:02:14        0.00        0.00                0        0.00


   1  562641109668 DONE (ALL ROWS)                     4frzha4nx7b8t    16777224 2026-09-21 12:02:14        0.00        0.00                0        0.00


   1  188978954918 DONE (ALL ROWS)                     4frzha4nx7b8t    16777224 2026-09-21 12:02:14        0.00        0.00                0        0.00


   1  764504572572 DONE (ALL ROWS)     SQLTEST         11xwc8jsxp3hv    16777227 2026-09-21 12:02:08        0.12        0.12            4,031        0.00
WITH fk_cols AS (

   1  734439801498 DONE (ALL ROWS)                     11xwc8jsxp3hv    16777227 2026-09-21 12:02:08        0.06        0.06            3,418        0.00


   1  734439801496 DONE (ALL ROWS)                     11xwc8jsxp3hv    16777227 2026-09-21 12:02:08        0.00        0.00                0        0.00


   1  614180717216 DONE (ALL ROWS)                     3b6ns51tsd038    16777227 2026-09-21 12:02:08        0.00        0.00                0        0.00


   1  614180717214 DONE (ALL ROWS)                     3b6ns51tsd038    16777227 2026-09-21 12:02:08        0.11        0.11            4,050        0.00


   1  481036731041 DONE (ALL ROWS)     SQLTEST         3b6ns51tsd038    16777227 2026-09-21 12:02:08        0.07        0.07            3,849        0.00
WITH fk AS (

   1  146029281949 DONE (ALL ROWS)                     3b6ns51tsd038    16777227 2026-09-21 12:02:08        0.08        0.08            4,133        0.00


   1  794569343639 DONE (ALL ROWS)     SQLTEST         3b6ns51tsd038    16777226 2026-09-21 12:01:43        0.07        0.06            3,849        0.00
WITH fk AS (

   1  489626665621 DONE (ALL ROWS)                     3b6ns51tsd038    16777226 2026-09-21 12:01:43        0.00        0.00               94        0.00


   1  489626665619 DONE (ALL ROWS)                     3b6ns51tsd038    16777226 2026-09-21 12:01:43        0.08        0.08            4,133        0.00


   1  163209151126 DONE (ALL ROWS)                     3b6ns51tsd038    16777226 2026-09-21 12:01:43        0.00        0.00                0        0.00


   1  163209151124 DONE (ALL ROWS)                     3b6ns51tsd038    16777226 2026-09-21 12:01:43        0.12        0.12            4,050        0.00


   1  734439801488 DONE (ALL ROWS)                     11xwc8jsxp3hv    16777226 2026-09-21 12:01:42        0.06        0.06            3,418        0.00


   1  734439801486 DONE (ALL ROWS)                     11xwc8jsxp3hv    16777226 2026-09-21 12:01:42        0.00        0.00                0        0.00


   1  562641109650 DONE (ALL ROWS)     SQLTEST         11xwc8jsxp3hv    16777226 2026-09-21 12:01:42        0.13        0.13            4,031        0.00
WITH fk_cols AS (

   1  936303264396 DONE (ALL ROWS)                     01uqyjyb7xctb    16777237 2026-09-21 12:01:40        0.00        0.00                0        0.00


   1  936303264394 DONE (ALL ROWS)                     01uqyjyb7xctb    16777237 2026-09-21 12:01:40        0.00        0.00                0        0.00


   1  889058624136 DONE (ALL ROWS)     SQLTEST         famw2p0jmuky9    16777237 2026-09-21 12:01:40        0.01        0.01                0        0.00
WITH fk_columns AS (

   1  781684441734 DONE (ALL ROWS)                     famw2p0jmuky9    16777237 2026-09-21 12:01:40        0.00        0.00                0        0.00


   1  781684441732 DONE (ALL ROWS)                     famw2p0jmuky9    16777237 2026-09-21 12:01:40        0.00        0.00               26        0.00


   1  747324703367 DONE (ALL ROWS)                     famw2p0jmuky9    16777237 2026-09-21 12:01:40        0.00        0.00                0        0.00


Inst           Key Status              Username        SQL ID            Exec ID Start Time            Elapsed S       CPU S         Buf Gets     Read MB
---- ------------- ------------------- --------------- ------------- ----------- ------------------- ----------- ----------- ---------------- -----------
SQL Text
--------------------------------------------------

   1  747324703365 DONE (ALL ROWS)                     famw2p0jmuky9    16777237 2026-09-21 12:01:40        0.00        0.00               26        0.00


   1  493921632898 DONE (ALL ROWS)                     8ravu0fxfq4c3    16777241 2026-09-21 12:01:40        0.00        0.00               26        0.00


   1  493921632896 DONE (ALL ROWS)                     8ravu0fxfq4c3    16777241 2026-09-21 12:01:40        0.00        0.00                0        0.00


   1  450971959937 DONE (ALL ROWS)                     8ravu0fxfq4c3    16777241 2026-09-21 12:01:40        0.00        0.00               26        0.00


   1  450971959935 DONE (ALL ROWS)                     8ravu0fxfq4c3    16777241 2026-09-21 12:01:40        0.00        0.00                0        0.00


   1  236223595147 DONE (ALL ROWS)                     01uqyjyb7xctb    16777237 2026-09-21 12:01:40        0.00        0.00                0        0.00


   1  236223595145 DONE (ALL ROWS)                     01uqyjyb7xctb    16777237 2026-09-21 12:01:40        0.00        0.00                0        0.00


   1  970663002744 DONE (ALL ROWS)                     famw2p0jmuky9    16777236 2026-09-21 12:01:33        0.12        0.12            4,175        0.00


   1  970663002742 DONE (ALL ROWS)                     famw2p0jmuky9    16777236 2026-09-21 12:01:33        0.00        0.00               88        0.00


   1  687195161214 DONE (ALL ROWS)     SQLTEST         01uqyjyb7xctb    16777236 2026-09-21 12:01:33        0.06        0.05            3,678        0.00
WITH inbound_keys AS (

   1  657130390141 DONE (ALL ROWS)                     01uqyjyb7xctb    16777236 2026-09-21 12:01:33        0.00        0.00                0        0.00


   1  657130390139 DONE (ALL ROWS)                     01uqyjyb7xctb    16777236 2026-09-21 12:01:33        0.00        0.00               44        0.00


   1  657130390137 DONE (ALL ROWS)     SQLTEST         famw2p0jmuky9    16777236 2026-09-21 12:01:33        0.01        0.00                0        0.00
WITH fk_columns AS (

   1  657130390135 DONE (ALL ROWS)                     famw2p0jmuky9    16777236 2026-09-21 12:01:33        0.07        0.07            3,418        0.00


   1  657130390133 DONE (ALL ROWS)                     famw2p0jmuky9    16777236 2026-09-21 12:01:33        0.00        0.00               26        0.00


   1  180389020284 DONE (ALL ROWS)                     01uqyjyb7xctb    16777236 2026-09-21 12:01:33        0.00        0.00                0        0.00


   1  180389020282 DONE (ALL ROWS)                     01uqyjyb7xctb    16777236 2026-09-21 12:01:33        0.00        0.00               26        0.00


   1  751619670644 DONE (ALL ROWS)     SQLTEST         8ravu0fxfq4c3    16777240 2026-09-21 12:01:32        0.01        0.01                0        0.00
WITH constraint_columns AS (

   1  369367581299 DONE (ALL ROWS)                     8ravu0fxfq4c3    16777240 2026-09-21 12:01:32        0.00        0.00              224        0.00


   1  369367581297 DONE (ALL ROWS)                     8ravu0fxfq4c3    16777240 2026-09-21 12:01:32        0.00        0.00                0        0.00


   1  261993398898 DONE (ALL ROWS)                     8ravu0fxfq4c3    16777240 2026-09-21 12:01:32        0.00        0.00               26        0.00


   1  261993398896 DONE (ALL ROWS)                     8ravu0fxfq4c3    16777240 2026-09-21 12:01:32        0.00        0.00                0        0.00


   1  652835422829 DONE (ALL ROWS)                     7wj2qd0ygpzdd    16777225 2026-09-21 12:00:35        0.00        0.00               26        0.00


   1  652835422827 DONE (ALL ROWS)                     7wj2qd0ygpzdd    16777225 2026-09-21 12:00:35        0.00        0.00                0        0.00


   1  373662548590 DONE (ALL ROWS)                     7wj2qd0ygpzdd    16777225 2026-09-21 12:00:35        0.00        0.00               45        0.00


   1  373662548588 DONE (ALL ROWS)                     7wj2qd0ygpzdd    16777225 2026-09-21 12:00:35        0.00        0.00                0        0.00


   1  889058624106 DONE (ALL ROWS)     SQLTEST         01uqyjyb7xctb    16777235 2026-09-21 12:00:27        0.07        0.07            3,608        0.00
WITH inbound_keys AS (

   1  867583787624 DONE (ALL ROWS)                     01uqyjyb7xctb    16777235 2026-09-21 12:00:27        0.00        0.00                0        0.00


   1  867583787622 DONE (ALL ROWS)                     01uqyjyb7xctb    16777235 2026-09-21 12:00:27        0.00        0.00                0        0.00


   1  785979408997 DONE (ALL ROWS)     SQLTEST         famw2p0jmuky9    16777235 2026-09-21 12:00:27        0.01        0.00                0        0.00
WITH fk_columns AS (

   1  738734768735 DONE (ALL ROWS)                     8ravu0fxfq4c3    16777239 2026-09-21 12:00:27        0.00        0.00               26        0.00


   1  738734768733 DONE (ALL ROWS)                     8ravu0fxfq4c3    16777239 2026-09-21 12:00:27        0.00        0.00                0        0.00

Inst           Key Status              Username        SQL ID            Exec ID Start Time            Elapsed S       CPU S         Buf Gets     Read MB
---- ------------- ------------------- --------------- ------------- ----------- ------------------- ----------- ----------- ---------------- -----------
SQL Text
--------------------------------------------------


   1  700080063070 DONE (ALL ROWS)                     8ravu0fxfq4c3    16777239 2026-09-21 12:00:27        0.00        0.00               26        0.00


   1  700080063068 DONE (ALL ROWS)                     8ravu0fxfq4c3    16777239 2026-09-21 12:00:27        0.00        0.00                0        0.00


   1  463856861792 DONE (ALL ROWS)     SQLTEST         8ravu0fxfq4c3    16777239 2026-09-21 12:00:27        0.01        0.01                0        0.00
WITH constraint_columns AS (

   1  390842417764 DONE (ALL ROWS)                     famw2p0jmuky9    16777235 2026-09-21 12:00:27        0.00        0.00                0        0.00


   1  390842417762 DONE (ALL ROWS)                     famw2p0jmuky9    16777235 2026-09-21 12:00:27        0.00        0.00               28        0.00


   1 ############# DONE (ALL ROWS)                     01uqyjyb7xctb    16777234 2026-09-21 12:00:07        0.00        0.00                0        0.00


   1 ############# DONE (ALL ROWS)                     01uqyjyb7xctb    16777234 2026-09-21 12:00:07        0.00        0.00               44        0.00


   1  996432806481 DONE (ALL ROWS)     SQLTEST         8ravu0fxfq4c3    16777238 2026-09-21 12:00:07        0.01        0.01                0        0.00
WITH constraint_columns AS (

   1  712964964949 DONE (ALL ROWS)                     famw2p0jmuky9    16777234 2026-09-21 12:00:07        0.07        0.07            3,418        0.00


   1  712964964947 DONE (ALL ROWS)                     famw2p0jmuky9    16777234 2026-09-21 12:00:07        0.00        0.00               88        0.00


   1  635655553620 DONE (ALL ROWS)                     famw2p0jmuky9    16777234 2026-09-21 12:00:07        0.15        0.15            4,174        0.00


   1  635655553618 DONE (ALL ROWS)                     famw2p0jmuky9    16777234 2026-09-21 12:00:07        0.00        0.00               26        0.00


   1  455266927184 DONE (ALL ROWS)                     8ravu0fxfq4c3    16777238 2026-09-21 12:00:07        0.00        0.00              224        0.00


   1  455266927182 DONE (ALL ROWS)                     8ravu0fxfq4c3    16777238 2026-09-21 12:00:07        0.00        0.00                0        0.00


   1  219043725910 DONE (ALL ROWS)     SQLTEST         famw2p0jmuky9    16777234 2026-09-21 12:00:07        0.01        0.00                0        0.00
WITH fk_columns AS (

   1  206158824015 DONE (ALL ROWS)                     8ravu0fxfq4c3    16777238 2026-09-21 12:00:07        0.00        0.00               26        0.00


   1  206158824013 DONE (ALL ROWS)                     8ravu0fxfq4c3    16777238 2026-09-21 12:00:07        0.00        0.00                0        0.00


   1  154619216475 DONE (ALL ROWS)     SQLTEST         01uqyjyb7xctb    16777234 2026-09-21 12:00:07        0.07        0.06            3,678        0.00
WITH inbound_keys AS (

   1  979252937275 DONE (ALL ROWS)                     62vmfw8u2uu4u    16777217 2026-09-21 11:59:54        0.00        0.00               18        0.00


   1  979252937273 DONE (ALL ROWS)                     62vmfw8u2uu4u    16777217 2026-09-21 11:59:54        0.00        0.00                0        0.00


   1  957778100809 DONE (ALL ROWS)                     01uqyjyb7xctb    16777233 2026-09-21 11:59:54        0.00        0.00                0        0.00


   1  957778100807 DONE (ALL ROWS)                     01uqyjyb7xctb    16777233 2026-09-21 11:59:54        0.00        0.00                0        0.00


   1  957778100805 DONE (ALL ROWS)                     famw2p0jmuky9    16777233 2026-09-21 11:59:54        0.00        0.00                0        0.00


   1  957778100803 DONE (ALL ROWS)                     famw2p0jmuky9    16777233 2026-09-21 11:59:54        0.00        0.00               26        0.00


   1  867583787580 DONE (ALL ROWS)     SQLTEST         62vmfw8u2uu4u    16777217 2026-09-21 11:59:54        0.02        0.01                0        0.00
SELECT

   1  854698885697 DONE (ALL ROWS)     SQLTEST         8ravu0fxfq4c3    16777237 2026-09-21 11:59:54        0.01        0.01                0        0.00
WITH constraint_columns AS (

   1  674310259275 DONE (ALL ROWS)     SQLTEST         01uqyjyb7xctb    16777233 2026-09-21 11:59:54        0.08        0.07            3,608        0.00
WITH inbound_keys AS (

   1  661425357376 DONE (ALL ROWS)                     8ravu0fxfq4c3    16777237 2026-09-21 11:59:54        0.00        0.00               26        0.00


   1  661425357374 DONE (ALL ROWS)                     8ravu0fxfq4c3    16777237 2026-09-21 11:59:54        0.00        0.00                0        0.00


   1  635655553610 DONE (ALL ROWS)                     01uqyjyb7xctb    16777233 2026-09-21 11:59:54        0.00        0.00                0        0.00


   1  635655553608 DONE (ALL ROWS)                     01uqyjyb7xctb    16777233 2026-09-21 11:59:54        0.00        0.00                0        0.00



Inst           Key Status              Username        SQL ID            Exec ID Start Time            Elapsed S       CPU S         Buf Gets     Read MB
---- ------------- ------------------- --------------- ------------- ----------- ------------------- ----------- ----------- ---------------- -----------
SQL Text
--------------------------------------------------
   1  511101502010 DONE (ALL ROWS)                     62vmfw8u2uu4u    16777217 2026-09-21 11:59:54        0.00        0.00               17        0.00


   1  511101502008 DONE (ALL ROWS)                     62vmfw8u2uu4u    16777217 2026-09-21 11:59:54        0.00        0.00                0        0.00


   1  214748758598 DONE (ALL ROWS)     SQLTEST         famw2p0jmuky9    16777233 2026-09-21 11:59:54        0.01        0.00                0        0.00
WITH fk_columns AS (

   1  927713329717 DONE (ALL ROWS)                     7wj2qd0ygpzdd    16777224 2026-09-21 11:59:53        0.00        0.00               26        0.00


   1  927713329715 DONE (ALL ROWS)                     7wj2qd0ygpzdd    16777224 2026-09-21 11:59:53        0.00        0.00                0        0.00


   1  721554899510 DONE (ALL ROWS)                     7wj2qd0ygpzdd    16777224 2026-09-21 11:59:53        0.00        0.00               45        0.00


   1  721554899508 DONE (ALL ROWS)                     7wj2qd0ygpzdd    16777224 2026-09-21 11:59:53        0.00        0.00                0        0.00


   1  549756207671 DONE (ALL ROWS)     SQLTEST         7wj2qd0ygpzdd    16777224 2026-09-21 11:59:53        0.01        0.01                0        0.00
SELECT OWNER, TABLE_NAME, CONSTRAINT_NAME, CONSTRA

   1 ############# DONE (ALL ROWS)                     famw2p0jmuky9    16777232 2026-09-21 11:59:46        0.07        0.06            3,418        0.00


   1 ############# DONE (ALL ROWS)                     famw2p0jmuky9    16777232 2026-09-21 11:59:46        0.00        0.00               88        0.00


   1  962073068070 DONE (ALL ROWS)                     8ravu0fxfq4c3    16777236 2026-09-21 11:59:46        0.00        0.00               26        0.00


   1  962073068068 DONE (ALL ROWS)                     8ravu0fxfq4c3    16777236 2026-09-21 11:59:46        0.00        0.00                0        0.00


   1  923418362407 DONE (ALL ROWS)                     8ravu0fxfq4c3    16777236 2026-09-21 11:59:46        0.00        0.00              224        0.00


   1  923418362405 DONE (ALL ROWS)                     8ravu0fxfq4c3    16777236 2026-09-21 11:59:46        0.00        0.00                0        0.00


   1  764504572461 DONE (ALL ROWS)     SQLTEST         famw2p0jmuky9    16777232 2026-09-21 11:59:46        0.01        0.00                0        0.00
WITH fk_columns AS (

   1  695785095723 DONE (ALL ROWS)                     famw2p0jmuky9    16777232 2026-09-21 11:59:46        0.14        0.14            4,174        0.00


   1  695785095721 DONE (ALL ROWS)                     famw2p0jmuky9    16777232 2026-09-21 11:59:46        0.00        0.00               26        0.00


   1  511101502000 DONE (ALL ROWS)                     01uqyjyb7xctb    16777232 2026-09-21 11:59:46        0.00        0.00                0        0.00


   1  511101501998 DONE (ALL ROWS)                     01uqyjyb7xctb    16777232 2026-09-21 11:59:46        0.00        0.00               26        0.00


   1  485331698225 DONE (ALL ROWS)                     01uqyjyb7xctb    16777232 2026-09-21 11:59:46        0.00        0.00                0        0.00


   1  485331698223 DONE (ALL ROWS)                     01uqyjyb7xctb    16777232 2026-09-21 11:59:46        0.00        0.00               44        0.00


   1  279173268018 DONE (ALL ROWS)     SQLTEST         01uqyjyb7xctb    16777232 2026-09-21 11:59:46        0.06        0.06            3,679        0.00
WITH inbound_keys AS (

   1  876173722146 DONE (ALL ROWS)                     9rgx0fpugqjvj    16777228 2026-09-21 11:59:26        0.00        0.00                5        0.00


   1  644245488161 DONE (ALL ROWS)                     9rgx0fpugqjvj    16777228 2026-09-21 11:59:26        0.00        0.00                1        0.00


   1  463856861731 DONE (ALL ROWS)     SQLTEST         9rgx0fpugqjvj    16777228 2026-09-21 11:59:26        0.01        0.01                0        0.00
SELECT

   1  807454245406 DONE (ALL ROWS)                     9rgx0fpugqjvj    16777227 2026-09-21 11:59:06        0.00        0.00                5        0.00


   1  575526011423 DONE (ALL ROWS)     SQLTEST         9rgx0fpugqjvj    16777227 2026-09-21 11:59:06        0.01        0.01                0        0.00
SELECT

   1  974957969945 DONE (ALL ROWS)                     9rgx0fpugqjvj    16777226 2026-09-21 11:58:22        0.00        0.00                1        0.00


   1  850403918362 DONE (ALL ROWS)                     9rgx0fpugqjvj    16777226 2026-09-21 11:58:22        0.00        0.00                5        0.00


   1  519691436572 DONE                SYS             ampw9ddqufjd3    16799990 2026-09-21 11:58:20        6.82        6.70          183,245        3.42
begin /*KAPI:capture*/ dbms_auto_index_internal.ca
